osm_id,osm_type,name,category,parent_category,lat,lon,opening_hours,check_date,query_date,source
29869835,node,InterSpar,grocery,provisioning_services,46.0664714,14.5468495,Mo-Fr 09:00-21:00; Sa 09:00-21:00,2025-08-11,2026-09-04,OSM
153422247,node,Kea Dramlje,grocery,provisioning_services,46.271682,15.391945,,,2026-09-04,OSM
206169656,node,Mercator,grocery,provisioning_services,46.2876386,13.8938039,Mo-Sa 07:00-21:00,,2026-09-04,OSM
206172649,node,Mercator,grocery,provisioning_services,46.2767415,13.8874917,Mo-Sa 07:00-20:00,,2026-09-04,OSM
206175546,node,Spar,grocery,provisioning_services,46.2733523,13.9540437,"Mo-Sa 07:00-20:00; Su,PH off",,2026-09-04,OSM
206175547,node,Mercator,grocery,provisioning_services,46.2719872,13.9538364,Mo-Sa 07:00-21:00,,2026-09-04,OSM
206182523,node,KeRos,grocery,provisioning_services,46.2304861,15.6514998,,,2026-09-04,OSM
250655259,node,Tuš Market,grocery,provisioning_services,46.6129662,15.1661125,,,2026-09-04,OSM
258895626,node,PTC Loka - Mercator,grocery,provisioning_services,45.9674996,14.2972124,Mo-Sa 07:00-21:00; Su off,2026-06-18,2026-09-04,OSM
264974042,node,Mercator,grocery,provisioning_services,46.56704,15.578528,Mo-Fr 07:30-19:00; Sa 07:30-17:00; PH off,,2026-09-04,OSM
268478101,node,Trgovina Mojca,grocery,provisioning_services,46.5733358,15.6127777,,,2026-09-04,OSM
269109586,node,Mercator,grocery,provisioning_services,46.0706556,14.4841855,Mo-Sa 07:00-20:00,,2026-09-04,OSM
271624312,node,Mercator,grocery,provisioning_services,45.5151261,13.5800703,,,2026-09-04,OSM
274947594,node,Tuš,grocery,provisioning_services,45.9856958,14.5729046,Mo-Fr 07:30-20:00; Sa 07:30-17:00; Su 08:00-12:00,,2026-09-04,OSM
282173815,node,Mercator,grocery,provisioning_services,46.2479229,13.5773364,Mo-Fr 07:30-19:00; Sa 07:00-17:00,,2026-09-04,OSM
282173831,node,Kmetijska Zadruga Tolmin Trgovina Market Bovec,grocery,provisioning_services,46.3374776,13.5515676,,,2026-09-04,OSM
282174002,node,Mercator,grocery,provisioning_services,46.1832306,13.7340809,Mo-Fr 08:00-19:00; Sa 07:00-13:00,,2026-09-04,OSM
283061733,node,Mercator,grocery,provisioning_services,45.5264093,13.5692253,Mo-Fr 07:00-20:00; Sa 07:00-20:00; Su off,,2026-09-04,OSM
290510067,node,Bar-Market Orozel,grocery,provisioning_services,46.555482,15.3237626,,,2026-09-04,OSM
290510070,node,unnamed,grocery,provisioning_services,46.5560257,15.3236843,,,2026-09-04,OSM
290510277,node,unnamed,grocery,provisioning_services,46.5357258,15.2676875,,,2026-09-04,OSM
297306938,node,TUŠ Market,grocery,provisioning_services,45.6821361,13.9686708,Mo-Fr 07:30-20:00; Sa 07:30-17:00; PH 07:30-12:00; Su off,,2026-09-04,OSM
307817063,node,Spar,grocery,provisioning_services,46.2240064,14.6126016,Mo-Fr 07:30-20:00; Sa 07:30-20:00,,2026-09-04,OSM
307817115,node,Mercator,grocery,provisioning_services,46.2141307,14.6020381,Mo-Sa 07:00-21:00,,2026-09-04,OSM
308084260,node,Mercator,grocery,provisioning_services,45.9769876,15.0915538,,,2026-09-04,OSM
313396541,node,Mercator,grocery,provisioning_services,46.0506498,14.5063999,,2026-05-21,2026-09-04,OSM
317035864,node,Market Maxi,grocery,provisioning_services,46.5392081,15.5113824,,,2026-09-04,OSM
375993550,node,TUŠ Supermarket Krap,grocery,provisioning_services,46.409279,16.1575341,,,2026-09-04,OSM
441231036,node,Mercator,grocery,provisioning_services,46.0822868,14.5068388,Mo-Sa 07:00-21:00,,2026-09-04,OSM
450633118,node,Mercator,grocery,provisioning_services,46.0541312,14.5528736,,,2026-09-04,OSM
452615188,node,Mercator,grocery,provisioning_services,46.2401921,14.3523088,Mo-Sa 08:00-21:00,,2026-09-04,OSM
469378622,node,TUŠ Market,grocery,provisioning_services,46.3802576,15.3815848,,,2026-09-04,OSM
471786696,node,Mercator,grocery,provisioning_services,46.4378264,14.0493546,,,2026-09-04,OSM
471786697,node,Mercator,grocery,provisioning_services,46.4367193,14.0554742,Mo-Sa 07:00-20:00,,2026-09-04,OSM
473153113,node,Market Rogla,grocery,provisioning_services,46.4526505,15.3336043,,,2026-09-04,OSM
484686942,node,Samopostrežna trgovina,grocery,provisioning_services,45.4615329,15.2536894,Mo-Sa 06:30-19:00; Su 07:00-12:00,,2026-09-04,OSM
488486845,node,Tuš,grocery,provisioning_services,46.4446785,15.1952452,Mo-Fr 08:00-20:00; Sa 08:00-18:00; Su off,,2026-09-04,OSM
496101960,node,Spar,grocery,provisioning_services,46.07677,14.5063481,,,2026-09-04,OSM
496101962,node,Mercator,grocery,provisioning_services,46.0743173,14.5103956,Mo-Sa 07:00-21:00,,2026-09-04,OSM
528086888,node,Mercator,grocery,provisioning_services,46.4608172,13.9386956,Mo-Sa 07:00-19:00,2025-02-22,2026-09-04,OSM
530734617,node,Mercator,grocery,provisioning_services,46.0482822,14.500214,Mo-Fr 07:00-21:00; Sa 07:00-21:00,,2026-09-04,OSM
534284230,node,Mercator,grocery,provisioning_services,46.4849096,13.7824987,Mo-Th 08:00-19:00; Fr 08:00-20:00; Sa 07:00-20:00; Su off,,2026-09-04,OSM
582488335,node,Hipermarket Spar Pobrežje,grocery,provisioning_services,46.5518959,15.6775093,Mo-Sa 8:00-20:00,,2026-09-04,OSM
588850757,node,Tuš,grocery,provisioning_services,46.208773,14.5982473,,,2026-09-04,OSM
599041721,node,Spar,grocery,provisioning_services,45.7070495,13.8624686,Mo-Sa 08:00-20:00,,2026-09-04,OSM
618766616,node,Brumat,grocery,provisioning_services,46.2478106,13.5789772,Mo-Sa 07:00-19:00,,2026-09-04,OSM
621364588,node,Spar,grocery,provisioning_services,46.6622398,16.145462,,,2026-09-04,OSM
711463452,node,Pekarna Gorjansko - Trgovina Pliskovica,grocery,provisioning_services,45.7729265,13.7827119,"Mo-We 07:00-12:00; Th-Fr 07:00-12:00,15:00-17:00; Sa 07:00-14:00",,2026-09-04,OSM
719588886,node,Mercator,grocery,provisioning_services,45.9363002,14.8064471,,,2026-09-04,OSM
727450388,node,Mercator,grocery,provisioning_services,46.3668053,14.1100207,Mo-Sa 08:00-20:00; Su off,,2026-09-04,OSM
727652668,node,Mercator,grocery,provisioning_services,46.2914918,14.205644,,,2026-09-04,OSM
768935753,node,Mercator,grocery,provisioning_services,46.3487721,14.1693408,,,2026-09-04,OSM
768935755,node,Mercator,grocery,provisioning_services,46.3437072,14.1730147,Mo-Fr 07:00-20:00; Sa 07:00-18:00,,2026-09-04,OSM
774088126,node,Tuš Jesenice,grocery,provisioning_services,46.4322978,14.0612862,,,2026-09-04,OSM
832042729,node,Mercator,grocery,provisioning_services,45.5134285,13.5951315,Mo-Sa 07:30-19:00,,2026-09-04,OSM
835820559,node,Mercator,grocery,provisioning_services,46.3599188,14.0996905,Mo-Sa 08:00-19:00; Su off,,2026-09-04,OSM
855238064,node,Mercator,grocery,provisioning_services,46.3621066,14.0815948,"Mo-Sa 08:00-21:00; Su,PH off",,2026-09-04,OSM
935842155,node,Kea Rečica,grocery,provisioning_services,46.323403,14.9221589,,,2026-09-04,OSM
935889182,node,Spar,grocery,provisioning_services,46.3194899,14.9505351,Mo-Fr 07:00-18:30; Sa 07:00-15:00; Su 07:30-12:00,,2026-09-04,OSM
954686690,node,Mercator,grocery,provisioning_services,46.221423,15.3151641,,,2026-09-04,OSM
968589342,node,Mercator,grocery,provisioning_services,46.0546705,14.5767905,"Mo-Sa 07:00-21:00, Su 08:00-21:00",,2026-09-04,OSM
1177090180,node,Market Hribček,grocery,provisioning_services,46.5901463,15.3304655,Mo-Fr 07:00-19:00; Sa 07:00-13:00; Su 08:00-12:00,,2026-09-04,OSM
1267715871,node,Trgovina Sandi,grocery,provisioning_services,46.0624299,14.5148424,"Mo-Fr 06:00-21:00; Sa,Su 07:00-19:00",2026-06-28,2026-09-04,OSM
1270178974,node,Mercator,grocery,provisioning_services,46.5188844,15.7845204,,,2026-09-04,OSM
1275687765,node,Mercator,grocery,provisioning_services,46.0987053,14.5357566,,,2026-09-04,OSM
1277990400,node,Mercator,grocery,provisioning_services,46.0989879,14.5267253,Mo-Sa 07:00-20:00,,2026-09-04,OSM
1282707790,node,Mercator,grocery,provisioning_services,46.0442416,14.4858611,Mo-Sa 06:30-22:00,,2026-09-04,OSM
1290961231,node,Mercator,grocery,provisioning_services,46.0357807,14.5246732,,,2026-09-04,OSM
1314388727,node,Mercator,grocery,provisioning_services,46.0852806,14.5107598,,,2026-09-04,OSM
1328766581,node,Mercator,grocery,provisioning_services,45.797372,13.9726077,Mo-Sa 07:00-13:00,,2026-09-04,OSM
1330012753,node,Mercator,grocery,provisioning_services,46.5902069,15.0162659,"Mo-Sa 07:00-20:00; Su, PH off",,2026-09-04,OSM
1339088142,node,Agraria Ankaran,grocery,provisioning_services,45.5755171,13.7336284,,,2026-09-04,OSM
1339466014,node,Mercator,grocery,provisioning_services,46.487401,13.7900977,Mo-Sa 07:00-20:00,2025-07-19,2026-09-04,OSM
1339469707,node,Market Turiška vas,grocery,provisioning_services,46.4744558,15.1304759,Mo-Fr 08:00-15:00; Sa 08:00-12:00,,2026-09-04,OSM
1339589275,node,Mercator,grocery,provisioning_services,45.5200912,13.5813248,"Mo-Fr 07:00-20:00; Sa,Su 07:00-20:00",,2026-09-04,OSM
1349000950,node,Tuš market,grocery,provisioning_services,45.8122805,15.1709268,,,2026-09-04,OSM
1360566505,node,Mercator,grocery,provisioning_services,46.3802763,14.0629269,Mo-Sa 07:00-21:00; Su off,2025-09-25,2026-09-04,OSM
1393303928,node,Mercator,grocery,provisioning_services,46.070907,14.5063046,,,2026-09-04,OSM
1395258746,node,Kebelj,grocery,provisioning_services,46.4116472,15.4549784,,,2026-09-04,OSM
1396502626,node,unnamed,grocery,provisioning_services,46.0323372,14.021924,,,2026-09-04,OSM
1396502857,node,Mercator,grocery,provisioning_services,46.1188139,13.8054528,,,2026-09-04,OSM
1398446942,node,Mercator,grocery,provisioning_services,45.957199,14.0924393,,,2026-09-04,OSM
1398446944,node,unnamed,grocery,provisioning_services,45.93058,14.13932,,,2026-09-04,OSM
1399528805,node,Nakupovalni center,grocery,provisioning_services,46.3596225,15.1193513,,,2026-09-04,OSM
1428222293,node,Dom,grocery,provisioning_services,46.6253777,15.3007517,,,2026-09-04,OSM
1433741041,node,Hribček,grocery,provisioning_services,46.5319116,15.2916297,Mo-Fr 08:00-16:00; Sa 08:00-13:00; Su 08:00-12:00,,2026-09-04,OSM
1436424075,node,Trgojan,grocery,provisioning_services,45.8464845,14.6950883,,,2026-09-04,OSM
1519450121,node,Mini market Na Tinju,grocery,provisioning_services,46.4153415,15.5019415,Mo-Fr 07:30-19:00; Sa 08:00-15:00; Su off,,2026-09-04,OSM
1551732595,node,unnamed,grocery,provisioning_services,46.4003604,15.0210761,,,2026-09-04,OSM
1576957824,node,Tuš,grocery,provisioning_services,46.0090936,15.3041676,,,2026-09-04,OSM
1579747905,node,Mercator,grocery,provisioning_services,46.0077113,15.3004722,,,2026-09-04,OSM
1603391730,node,Mercator,grocery,provisioning_services,45.703726,14.7533283,,,2026-09-04,OSM
1609416055,node,tuš,grocery,provisioning_services,46.1470061,15.0413869,,,2026-09-04,OSM
1611556745,node,unnamed,grocery,provisioning_services,45.8911626,15.5707616,,,2026-09-04,OSM
1638998107,node,unnamed,grocery,provisioning_services,46.3268387,14.330977,,,2026-09-04,OSM
1640456915,node,Mercator,grocery,provisioning_services,45.5307875,13.7344689,,2023-07-21,2026-09-04,OSM
1640456922,node,Despar,grocery,provisioning_services,45.539568,13.7343732,,,2026-09-04,OSM
1640498287,node,Mercator,grocery,provisioning_services,45.5298676,13.6502843,,,2026-09-04,OSM
1647789910,node,unnamed,grocery,provisioning_services,46.6200378,14.9481125,,,2026-09-04,OSM
1670564164,node,unnamed,grocery,provisioning_services,46.3856721,15.5188515,,,2026-09-04,OSM
1700303300,node,Trgovina Šmartno,grocery,provisioning_services,46.4426303,15.539927,,,2026-09-04,OSM
1701698113,node,Mercator,grocery,provisioning_services,46.5605797,15.6515124,Mo-Fr 07:00-20:00; Sa 07:00-19:00,2025-08-05,2026-09-04,OSM
1725617844,node,Merkator,grocery,provisioning_services,45.812516,14.3204169,,,2026-09-04,OSM
1725617859,node,Spar,grocery,provisioning_services,45.7914486,14.3636105,"Mo-Fr 07:00-20:00; Sa 07:00-17:00; Su, PH off",,2026-09-04,OSM
1729356543,node,unnamed,grocery,provisioning_services,46.399138,15.0794806,,,2026-09-04,OSM
1742819437,node,Mercator,grocery,provisioning_services,46.3141816,15.5778587,,,2026-09-04,OSM
1755985112,node,Pečjak,grocery,provisioning_services,45.9900008,14.5656348,,,2026-09-04,OSM
1756060943,node,Mercator,grocery,provisioning_services,46.0565105,14.5340834,Mo-Sa 08:00-21:00,,2026-09-04,OSM
1764130180,node,unnamed,grocery,provisioning_services,45.9602138,14.5724356,,,2026-09-04,OSM
1764213385,node,HIP HOP,grocery,provisioning_services,46.0200087,14.5427872,,,2026-09-04,OSM
1781473652,node,Mercator,grocery,provisioning_services,46.1319024,14.9965601,,,2026-09-04,OSM
1781473653,node,Mercator,grocery,provisioning_services,46.1345941,14.9941294,,,2026-09-04,OSM
1781473661,node,Spar,grocery,provisioning_services,46.1379022,14.9903727,Mo-Sa 07:30-20:00; Su 08:00-13:00,,2026-09-04,OSM
1788472503,node,Mercator,grocery,provisioning_services,45.5382469,13.6572596,Mo-Sa 07:00-21:00,2025-07-18,2026-09-04,OSM
1788473661,node,Market Vanja,grocery,provisioning_services,45.5345862,13.6636773,,2024-06-29,2026-09-04,OSM
1800516576,node,unnamed,grocery,provisioning_services,46.3554086,14.1507068,Mo-Su 08:00-19:00,,2026-09-04,OSM
1800552077,node,Mercator,grocery,provisioning_services,46.3883696,14.1055247,Mo-Sa 07:00-20:00,,2026-09-04,OSM
1800560705,node,Mercator,grocery,provisioning_services,46.3726242,14.1045087,Mo-Sa 07:00-21:00,,2026-09-04,OSM
1808984340,node,Mlinotest,grocery,provisioning_services,46.3285968,14.1651695,,,2026-09-04,OSM
1820827096,node,unnamed,grocery,provisioning_services,46.4289122,15.7941044,24/7,,2026-09-04,OSM
1821419976,node,Mercator,grocery,provisioning_services,46.4160299,15.8837951,Mo-Sa 08:00-20:00,,2026-09-04,OSM
1821574244,node,unnamed,grocery,provisioning_services,46.4282004,15.7965655,,,2026-09-04,OSM
1821857635,node,Mercator hipermarket Maribor,grocery,provisioning_services,46.5401789,15.6416856,Mo-Sa 08:00-21:00,,2026-09-04,OSM
1824252129,node,Tuš drogerija,grocery,provisioning_services,46.4533883,15.6742468,,,2026-09-04,OSM
1824962035,node,unnamed,grocery,provisioning_services,46.2363422,14.6101246,,,2026-09-04,OSM
1824962036,node,Mercator,grocery,provisioning_services,46.2188714,14.6053242,,,2026-09-04,OSM
1834244222,node,Tuš supermarket Ptuj Puhova,grocery,provisioning_services,46.4239169,15.885366,Mo-Sa 08:00-20:00,,2026-09-04,OSM
1845074344,node,Maksina KT,grocery,provisioning_services,46.6070566,15.8907397,,,2026-09-04,OSM
1847431745,node,Mercator,grocery,provisioning_services,46.5583656,15.6505265,Mo-Fr 8:00-19:30; Sa 8:00-13:00,,2026-09-04,OSM
1847431757,node,Mercator,grocery,provisioning_services,46.5611494,15.6289133,Mo-Fr 08:00-19:00; Sa 07:30-13:00,,2026-09-04,OSM
1847431758,node,Mercator,grocery,provisioning_services,46.5586113,15.655206,Mo-Sa 06:00-22:00,,2026-09-04,OSM
1847431759,node,Mercator,grocery,provisioning_services,46.5370606,15.623782,,,2026-09-04,OSM
1847432662,node,Mercator,grocery,provisioning_services,46.5340435,15.6647919,Mo-Fr 7:30-19:00; Sa 7:30-13:00,,2026-09-04,OSM
1847488334,node,Mercator,grocery,provisioning_services,46.432624,15.890364,Mo-Fr 07:30-19:00; Sa 07:30-13:00,,2026-09-04,OSM
1847488352,node,Mercator,grocery,provisioning_services,46.4270171,15.8920672,,,2026-09-04,OSM
1847497506,node,Mercator,grocery,provisioning_services,46.5002227,15.6816291,,,2026-09-04,OSM
1847517545,node,Spar,grocery,provisioning_services,46.4182422,15.8786248,Mo-Sa 08:00-20:00,,2026-09-04,OSM
1847525374,node,Interspar Qlandia Maribor 2,grocery,provisioning_services,46.5467907,15.6188119,,,2026-09-04,OSM
1847525388,node,Market Cirkovce,grocery,provisioning_services,46.3941285,15.7287344,Mo-Fr 07:30-19:00; Sa 07:30-12:00,,2026-09-04,OSM
1847537092,node,Tuš,grocery,provisioning_services,46.5369538,15.6321156,Mo-Sa 07:00-21:00,,2026-09-04,OSM
1847537097,node,Tuš Studenci,grocery,provisioning_services,46.5527175,15.6281138,"Mo-Sa 08:00-20:00; Su, PH off",,2026-09-04,OSM
1847552163,node,Tuš market Meka,grocery,provisioning_services,46.5013264,15.6819211,,,2026-09-04,OSM
1850418289,node,Mercator,grocery,provisioning_services,46.0537882,14.5059261,Mo-Fr 07:00-21:00; Sa 08:00-21:00,,2026-09-04,OSM
1859062044,node,Mercator,grocery,provisioning_services,45.8935752,13.6084438,Mo-Fr 07:00-19:00; Sa 07:00-15:00,,2026-09-04,OSM
1859271407,node,Mercator,grocery,provisioning_services,45.8934604,13.6355626,Mo-Fr 07:00-19:00; Sa 07:00-13:00,,2026-09-04,OSM
1859298421,node,Mercator,grocery,provisioning_services,45.9993911,13.6745802,Mo-Fr 08:00-18:00; Sa 07:00 -13:00,,2026-09-04,OSM
1859306043,node,unnamed,grocery,provisioning_services,45.9726179,13.7407064,,,2026-09-04,OSM
1861541666,node,Trenta Market,grocery,provisioning_services,46.3804636,13.7508954,Mo-Sa 07:30-19:00,2026-07-30,2026-09-04,OSM
1864399882,node,Mercator,grocery,provisioning_services,45.9541462,13.6716827,,,2026-09-04,OSM
1865141937,node,Trgovina Podgrad,grocery,provisioning_services,46.1859272,13.7326303,,,2026-09-04,OSM
1877642318,node,Mercator,grocery,provisioning_services,45.9192842,14.365473,,,2026-09-04,OSM
1883601980,node,Supernova Qlandia Kamnik,grocery,provisioning_services,46.1990289,14.5962774,Mo-Sa 08:00-20:00,2026-01-16,2026-09-04,OSM
1883616498,node,unnamed,grocery,provisioning_services,46.2072241,14.6045645,,,2026-09-04,OSM
1884745519,node,Tuš,grocery,provisioning_services,46.2271505,14.611081,Mo-Fr 08:00-20:00; Sa 08:00-15:00,,2026-09-04,OSM
1913370889,node,Mercator,grocery,provisioning_services,45.5295101,13.7389899,,,2026-09-04,OSM
1917188106,node,Mercator,grocery,provisioning_services,46.0396732,14.4890946,Mo-Fr 07:00-20:00; Sa 07:00-18:00,,2026-09-04,OSM
1920340162,node,Tuš Market Špic,grocery,provisioning_services,46.3980162,15.9315834,,,2026-09-04,OSM
1924780868,node,Mercator,grocery,provisioning_services,46.056392,14.5051074,Mo-Sa 07:00-22:00,2025-10-04,2026-09-04,OSM
1926098128,node,Mercator,grocery,provisioning_services,46.1057921,14.1417184,,,2026-09-04,OSM
1927664101,node,Mercator,grocery,provisioning_services,46.5481834,15.6761394,"Mo-Sa 08:00-21:00; Su, PH off",,2026-09-04,OSM
1938725477,node,Tuš,grocery,provisioning_services,45.8025304,15.1598378,,,2026-09-04,OSM
1938796608,node,Mercator,grocery,provisioning_services,45.8215478,15.1551182,,,2026-09-04,OSM
1939456558,node,TUŠ Market,grocery,provisioning_services,45.7841913,15.075063,,,2026-09-04,OSM
1948671975,node,Mercator,grocery,provisioning_services,46.1889792,14.4034114,,,2026-09-04,OSM
1951480955,node,Market Prunk,grocery,provisioning_services,46.0014937,13.5181578,,,2026-09-04,OSM
1956922270,node,Mercator,grocery,provisioning_services,46.0725352,14.5806297,Mo-Fr 07:30-20:00; Sa 07:30-17:00,,2026-09-04,OSM
1959356548,node,Fama Center Sežana,grocery,provisioning_services,45.7058333,13.8671275,Mo-Sa 07:00-20:00,,2026-09-04,OSM
1997292633,node,Blagovnica - Mercator,grocery,provisioning_services,46.0477796,14.1098085,Mo-Sa 08:00-19:00,,2026-09-04,OSM
2034663870,node,Tuš Kea Ljubečna,grocery,provisioning_services,46.2585158,15.3212882,,,2026-09-04,OSM
2049451595,node,Tuš,grocery,provisioning_services,46.0890972,14.5135164,Mo-Sa 08:00-20:00,,2026-09-04,OSM
2061434733,node,Spar,grocery,provisioning_services,45.5439948,13.7414006,,,2026-09-04,OSM
2076346829,node,Tuš Stranje,grocery,provisioning_services,46.2568294,14.6033782,,,2026-09-04,OSM
2109534321,node,Spar,grocery,provisioning_services,46.5407919,15.5185797,Mo-Sa 10:00-20:00,,2026-09-04,OSM
2109848253,node,Mercator,grocery,provisioning_services,45.5791571,13.7378048,,,2026-09-04,OSM
2115465331,node,A - market,grocery,provisioning_services,46.0053088,13.50187,"Mo-Sa 07:00-19:00; Su,PH off",,2026-09-04,OSM
2121538119,node,TUŠ Supermarket,grocery,provisioning_services,46.2340963,15.2559052,,,2026-09-04,OSM
2141417955,node,Spar,grocery,provisioning_services,46.1731369,14.6099394,,,2026-09-04,OSM
2244936454,node,Hofer,grocery,provisioning_services,46.0550188,14.5192798,"Mo-Sa 08:00-21:00; Su,PH off",,2026-09-04,OSM
2244936458,node,Merkator Njegoševa,grocery,provisioning_services,46.0525031,14.5193953,Mo-Sa 07:00-21:00,2026-07-20,2026-09-04,OSM
2287894241,node,Tuš Market,grocery,provisioning_services,46.5527123,15.6468302,Mo-Fr 07:00-20:00; Sa-Su 07:00-16:00,2025-08-07,2026-09-04,OSM
2301183517,node,Mercator,grocery,provisioning_services,46.420473,15.8730553,,,2026-09-04,OSM
2327731432,node,Mercator,grocery,provisioning_services,45.5357351,13.728536,Mo-Fr 07:30-19:00; Sa 07:30-15:00,,2026-09-04,OSM
2330782231,node,TUŠ market Pariške Komune,grocery,provisioning_services,46.5475125,15.6462225,Mo-Fr 7:30-19:00; Sa 7:30-17:00,,2026-09-04,OSM
2338469047,node,unnamed,grocery,provisioning_services,46.4888102,15.693868,,,2026-09-04,OSM
2341949641,node,Mercator,grocery,provisioning_services,46.0551211,14.5590701,,,2026-09-04,OSM
2344199562,node,unnamed,grocery,provisioning_services,46.0551154,14.5586256,,,2026-09-04,OSM
2344456563,node,Spar,grocery,provisioning_services,46.3852151,15.5728279,Mo-Sa 08:00-20:00,2025-07-19,2026-09-04,OSM
2344467459,node,Mercator,grocery,provisioning_services,46.3889772,15.5697045,,,2026-09-04,OSM
2344494294,node,Supermarket Tuš,grocery,provisioning_services,46.3870387,15.574803,Mo-Sa 08:00-20:00,,2026-09-04,OSM
2345321332,node,unnamed,grocery,provisioning_services,46.4827814,15.7003479,,,2026-09-04,OSM
2352715042,node,Merkator,grocery,provisioning_services,45.8918581,15.624704,"Mo-Tu,Th-Sa 08:00-17:00; We 08:00-18:00",2022-10-31,2026-09-04,OSM
2380120009,node,TUŠ market Gregorčičeva,grocery,provisioning_services,46.5610535,15.6442885,Mo-Fr 07:00-20:00; Sa 08:00-18:00,,2026-09-04,OSM
2384647381,node,unnamed,grocery,provisioning_services,46.0423445,14.8432989,,,2026-09-04,OSM
2384707067,node,"KZ Trebnje, Samopostrežba Dole",grocery,provisioning_services,46.030838,15.0231632,,,2026-09-04,OSM
2389349176,node,Poslovni sistem Mercator,grocery,provisioning_services,46.0742702,14.5107928,,,2026-09-04,OSM
2396018036,node,Svet metraže,grocery,provisioning_services,46.0794966,14.497787,,,2026-09-04,OSM
2399466374,node,Trgovina Klasje,grocery,provisioning_services,45.7079847,13.8686629,Mo-Fr 08:30-18:00; Sa 08:30-12:00,,2026-09-04,OSM
2429398695,node,Tus Market,grocery,provisioning_services,45.7206579,14.0386221,Mo-Fr 07:00-19:00; Sa 07:00-13:00,2022-09-25,2026-09-04,OSM
2441419219,node,Market Kea Dutovlje,grocery,provisioning_services,45.7559334,13.8326666,"Mo-Fr 07:00-19:00, Sa 07:00-17:00; Su,PH off",,2026-09-04,OSM
2441644894,node,Mercator (Market Kotlje),grocery,provisioning_services,46.521689,14.9864549,"Mo-Sa 07:00-20:00; Su, PH off",,2026-09-04,OSM
2444841993,node,Mercator,grocery,provisioning_services,46.037862,14.504891,Mo-Sa 07:00-20:00,,2026-09-04,OSM
2462553699,node,Anica,grocery,provisioning_services,46.1062404,15.3598318,,,2026-09-04,OSM
2517553205,node,InterSpar,grocery,provisioning_services,46.241846,15.2769986,,,2026-09-04,OSM
2518462557,node,Spar,grocery,provisioning_services,46.1989821,14.5977526,,2026-01-16,2026-09-04,OSM
2522772122,node,Lidl,grocery,provisioning_services,46.1002577,14.458004,Mo-Sa 08:00-21:00,,2026-09-04,OSM
2534964728,node,Mercator,grocery,provisioning_services,46.2457561,14.9526438,,,2026-09-04,OSM
2536303888,node,Norma,grocery,provisioning_services,46.5493547,15.642858,,,2026-09-04,OSM
2562560009,node,Litož,grocery,provisioning_services,46.2868699,15.7149663,,,2026-09-04,OSM
2598301128,node,Spar,grocery,provisioning_services,45.9388519,15.486734,"Mo-Sa 07:30-20:00; Su, PH off",,2026-09-04,OSM
2603071408,node,Tuš Cash&Carry,grocery,provisioning_services,46.5335471,15.6469748,Mo-Fr 06:00-17:00; Sa 06:00-13:00,2026-01-30,2026-09-04,OSM
2603071411,node,Mercator,grocery,provisioning_services,46.5409399,15.6467772,Mo-Fr 6:30-17:00; Sa 6:30-12:00,,2026-09-04,OSM
2617542408,node,unnamed,grocery,provisioning_services,46.5534307,15.641198,,,2026-09-04,OSM
2618381591,node,Spar,grocery,provisioning_services,46.3957358,15.5583058,Mo-Sa 08:00-20:00,,2026-09-04,OSM
2688897629,node,Mercator,grocery,provisioning_services,46.3013506,14.4211029,,,2026-09-04,OSM
2696466065,node,Mercator,grocery,provisioning_services,45.5289904,13.5672661,Mo-Sa 07:00-21:00; Su off,2026-07-22,2026-09-04,OSM
2701486790,node,Megamarket Interspar,grocery,provisioning_services,45.8271096,15.186029,,,2026-09-04,OSM
2708393091,node,Mercator,grocery,provisioning_services,46.387164,15.4468621,Mo-Fr 07:00-19:00; Sa 07:00-15:00; Su off,,2026-09-04,OSM
2710501162,node,Sonček,grocery,provisioning_services,46.2481841,13.5774392,,2023-04-30,2026-09-04,OSM
2780445126,node,Pekarna Strnad - Trgovina živila,grocery,provisioning_services,46.3930161,15.5740562,,,2026-09-04,OSM
2859755889,node,Lidl,grocery,provisioning_services,46.6604378,16.1455669,Mo-Sa 08:00-20:00; Su off,2025-12-29,2026-09-04,OSM
2859755890,node,Lidl - Portorož,grocery,provisioning_services,45.5071752,13.6150637,Mo-Sa 08:00-21:00,2025-07-16,2026-09-04,OSM
2866277894,node,Market,grocery,provisioning_services,45.5294539,13.5661541,,,2026-09-04,OSM
2934709990,node,Mercator,grocery,provisioning_services,46.3693464,15.390364,,,2026-09-04,OSM
2963962913,node,Bofrost*S,grocery,provisioning_services,46.0222081,14.5405299,,,2026-09-04,OSM
3010304254,node,SPAR,grocery,provisioning_services,46.5589939,15.6361231,,,2026-09-04,OSM
3010304257,node,Hofer,grocery,provisioning_services,46.5574746,15.6412564,Mo-Sa 08:00-21:00; Su off,,2026-09-04,OSM
3011027553,node,Kmetijska zadruga Tolmin,grocery,provisioning_services,46.1845505,13.7372221,"Mo-Fr 07:00-19:00; Sa 07:00-12:30; Su,Ph off",,2026-09-04,OSM
3016178312,node,Mercator,grocery,provisioning_services,45.8526669,15.4238411,Mo-Sa 07:00-19:00,,2026-09-04,OSM
3030304070,node,Koragal,grocery,provisioning_services,46.5423553,14.9455266,"Mo-Fr 09:00-17:00; Tu,Th 09:00-15:00; Sa 08:00-12:00",,2026-09-04,OSM
3046230533,node,Ekošara,grocery,provisioning_services,46.0684418,14.5171242,Mo-Fr 08:00-21:00; Sa 08:00-18:00; Su 08:00-15:00,,2026-09-04,OSM
3085214902,node,Orient Market,grocery,provisioning_services,46.055928,14.5094611,,,2026-09-04,OSM
3088286983,node,Mercator,grocery,provisioning_services,46.2927111,14.2588128,Mo-Fr 08:00-16:00; Sa 08:00-13:00,,2026-09-04,OSM
3099216672,node,Mercator,grocery,provisioning_services,46.6478999,15.8425499,,,2026-09-04,OSM
3109236738,node,Mercator,grocery,provisioning_services,46.6609005,16.1654598,Mo-Fr 07:00-20:00; Sa 07:00-19:00,2025-01-26,2026-09-04,OSM
3116368502,node,Tuš,grocery,provisioning_services,46.6663366,16.168549,,,2026-09-04,OSM
3118291074,node,Mercator,grocery,provisioning_services,46.6644978,16.1682649,,,2026-09-04,OSM
3125746198,node,Kompas Shop,grocery,provisioning_services,46.603855,14.9853348,08:00-20:00,2025-09-25,2026-09-04,OSM
3125746203,node,Travel FREE prodajalna,grocery,provisioning_services,46.604441,14.9855022,,,2026-09-04,OSM
3130731656,node,Pomurske mlekarne,grocery,provisioning_services,46.6620665,16.1743073,Mo-Fr 07:00-19:00; Sa 07:00-14:00,2025-12-03,2026-09-04,OSM
3134808696,node,Tuš drogerija,grocery,provisioning_services,46.6666159,16.1683838,,,2026-09-04,OSM
3138457599,node,Market,grocery,provisioning_services,46.7079091,16.1992181,,,2026-09-04,OSM
3187009823,node,Mercator,grocery,provisioning_services,46.5197256,16.284178,,,2026-09-04,OSM
3204972656,node,kitajski Vrt,grocery,provisioning_services,46.0907162,14.4724587,Mo-Fr 10:00-19:00,,2026-09-04,OSM
3206813304,node,unnamed,grocery,provisioning_services,45.7626597,14.6374889,,,2026-09-04,OSM
3225463608,node,Boutique Bolero,grocery,provisioning_services,46.0941464,14.469499,Mo-Fr 09:00-18:00; Sa 09:00-12:00,,2026-09-04,OSM
3242428391,node,Spar,grocery,provisioning_services,46.6701427,16.1785323,Mo-Sa 08:00-20:00,,2026-09-04,OSM
3253833905,node,Mercator,grocery,provisioning_services,46.8029001,16.2175792,Mo-Fr 07:00-19:00; Sa 07:00-17:00,,2026-09-04,OSM
3259603235,node,Siemens,grocery,provisioning_services,46.6653694,16.1365369,,,2026-09-04,OSM
3259609622,node,Bosch,grocery,provisioning_services,46.6653118,16.1365326,,,2026-09-04,OSM
3268993924,node,Müler,grocery,provisioning_services,46.241011,15.276541,,,2026-09-04,OSM
3282014610,node,Trgovina KGZ Samopostrežba,grocery,provisioning_services,46.1054737,14.1431638,,,2026-09-04,OSM
3292823981,node,Market Betka,grocery,provisioning_services,46.5364177,15.6882167,,,2026-09-04,OSM
3305697660,node,Koroška trgovina,grocery,provisioning_services,46.5900633,15.0191196,,,2026-09-04,OSM
3315543102,node,Spar,grocery,provisioning_services,46.0641774,14.5256709,Mo-Fr 08:00-20:00; Sa 08:00-17:00,,2026-09-04,OSM
3327372323,node,HIP HOP,grocery,provisioning_services,46.0199128,14.5421354,,,2026-09-04,OSM
3328322676,node,NutriHolis center zdravja,grocery,provisioning_services,46.056393,14.5609565,,,2026-09-04,OSM
3349945477,node,Trgovina z mešanim blagom Prekmurec,grocery,provisioning_services,46.5521723,16.2778634,,,2026-09-04,OSM
3352989130,node,Mercator,grocery,provisioning_services,46.6201576,16.0327322,Mo-Sa 07:00-20:00; Su off,,2026-09-04,OSM
3387726855,node,EuroSpin,grocery,provisioning_services,46.5742627,15.8226371,Mo-Sa 08:00-20:00,2024-04-08,2026-09-04,OSM
3404758960,node,Mercator,grocery,provisioning_services,46.1546965,14.9298629,,,2026-09-04,OSM
3404958241,node,Market Mlinše,grocery,provisioning_services,46.1460358,14.8804539,,,2026-09-04,OSM
3446804768,node,Aiba Mercator franšiza,grocery,provisioning_services,46.671876,16.2798265,Mo-Fr 08:00-16:00; Sa 08:00-13:00,,2026-09-04,OSM
3455715814,node,Mercator,grocery,provisioning_services,46.0635496,14.5314808,,,2026-09-04,OSM
3467730743,node,Mercator,grocery,provisioning_services,45.8196736,14.2896476,closed,,2026-09-04,OSM
3472055360,node,Mercator,grocery,provisioning_services,46.0422765,14.8431932,,,2026-09-04,OSM
3472129613,node,Mercator,grocery,provisioning_services,46.0594566,14.838551,,,2026-09-04,OSM
3509498410,node,Mercator,grocery,provisioning_services,46.6167154,16.1476757,,,2026-09-04,OSM
3547320468,node,Mercator,grocery,provisioning_services,46.0533996,14.5325016,,,2026-09-04,OSM
3574852475,node,Mini Market,grocery,provisioning_services,46.5099779,16.2267174,,,2026-09-04,OSM
3585170821,node,Tuš Supermarket,grocery,provisioning_services,45.5617494,14.2442483,,,2026-09-04,OSM
3585297748,node,Fama Market Zagorje,grocery,provisioning_services,45.6426897,14.2242153,Mo-Fr 08:00-18:00; Sa 07:00-12:00,,2026-09-04,OSM
3589764209,node,Agraria,grocery,provisioning_services,45.5357364,13.7317411,,,2026-09-04,OSM
3589764216,node,Mercator,grocery,provisioning_services,45.5420584,13.7337482,,,2026-09-04,OSM
3605544735,node,Spar,grocery,provisioning_services,46.5602003,15.6487853,Mo-Fr 07:00-21:00; Sa 08:00-21:00,,2026-09-04,OSM
3611418314,node,Market Mravl'ca,grocery,provisioning_services,46.071833,14.4726461,Mo-Sa 08:00-20:00,,2026-09-04,OSM
3623609703,node,Spar,grocery,provisioning_services,46.6849606,16.392967,"Mo-Fr 08:00-12:00,14:00-16:30; We 08:00-12:00,14:00-18:00; Sa 08:00-12:00",,2026-09-04,OSM
3639872208,node,Müller,grocery,provisioning_services,46.065004,14.5446433,,2023-05-18,2026-09-04,OSM
3658520172,node,Zdrava Trgovinca,grocery,provisioning_services,46.0461956,14.5065093,,,2026-09-04,OSM
3658671585,node,KGZ Krpan z. o. o. trgovina Bizovik,grocery,provisioning_services,46.0376192,14.5709982,,,2026-09-04,OSM
3660922271,node,Spar,grocery,provisioning_services,46.341914,15.4158874,,,2026-09-04,OSM
3667122083,node,Franšiza Tuš,grocery,provisioning_services,45.6609923,13.9309356,Mo-Fr 07:30-19:00; Sa 07:00-16:00; Su 08:00-12:00,,2026-09-04,OSM
3701869570,node,TUŠ market,grocery,provisioning_services,45.5362967,13.6611062,,2024-06-29,2026-09-04,OSM
3710152930,node,Trgovina Belec,grocery,provisioning_services,46.7830456,16.288291,,,2026-09-04,OSM
3721140588,node,TUŠ Market,grocery,provisioning_services,46.0660344,15.1793668,,,2026-09-04,OSM
3726607469,node,Mercator,grocery,provisioning_services,45.6636461,14.1282249,,,2026-09-04,OSM
3740271615,node,Gorički Raj,grocery,provisioning_services,46.7542122,16.2628785,,,2026-09-04,OSM
3743410915,node,Mercator,grocery,provisioning_services,45.7621983,14.1112929,Mo-Fr 07:30-18:00; Sa 07:30-14:30; Su 08:00-12:00,2022-09-24,2026-09-04,OSM
3758207194,node,Mercator,grocery,provisioning_services,45.6384801,14.86,,,2026-09-04,OSM
3768737256,node,Mercator,grocery,provisioning_services,46.0568235,14.5147125,Mo-Fr 07:00-20:00; Sa 08:00-20:00,,2026-09-04,OSM
3773089274,node,Market Kašča,grocery,provisioning_services,46.1921403,15.5573827,,,2026-09-04,OSM
3776243632,node,Mercator,grocery,provisioning_services,46.1914866,15.5990922,,,2026-09-04,OSM
3780571556,node,Euro Spin,grocery,provisioning_services,46.2542199,15.617541,,,2026-09-04,OSM
3780571657,node,Merkur,grocery,provisioning_services,46.254122,15.6181497,,,2026-09-04,OSM
3780604112,node,Market Kašča,grocery,provisioning_services,46.2482808,15.6461792,,,2026-09-04,OSM
3809974007,node,EuroSpin,grocery,provisioning_services,46.2531273,14.3546048,Mo-Sa 08:00-20:00,,2026-09-04,OSM
3822529950,node,Dobrote Dolenjske,grocery,provisioning_services,45.9079608,15.008529,,,2026-09-04,OSM
3826359031,node,Trgovina Meri,grocery,provisioning_services,46.0573704,14.5839024,,,2026-09-04,OSM
3844755560,node,Trgovina žito,grocery,provisioning_services,46.0414436,14.4752974,,2023-07-16,2026-09-04,OSM
3869638582,node,Trgovina Bergant,grocery,provisioning_services,46.1869781,14.4911466,,,2026-09-04,OSM
3905084667,node,Mercator,grocery,provisioning_services,46.3281938,15.3162617,,,2026-09-04,OSM
3906939277,node,Mercator,grocery,provisioning_services,46.2505723,15.1719917,,,2026-09-04,OSM
3906939278,node,Spar,grocery,provisioning_services,46.2501028,15.1719842,,,2026-09-04,OSM
3930785363,node,Jager,grocery,provisioning_services,46.0557342,15.6615162,,,2026-09-04,OSM
3937342382,node,HIP-HOP,grocery,provisioning_services,46.5307424,15.7006858,24/7,2025-07-19,2026-09-04,OSM
3995230120,node,Eurospin,grocery,provisioning_services,46.5211534,15.6503304,,,2026-09-04,OSM
4082623217,node,Mercator,grocery,provisioning_services,46.5180082,16.1960295,,,2026-09-04,OSM
4082630674,node,Bio trgovina snopje,grocery,provisioning_services,46.5179677,16.195159,,,2026-09-04,OSM
4115164546,node,Market Fama,grocery,provisioning_services,45.8886262,13.9049029,Mo-Sa 07:00-19:00,,2026-09-04,OSM
4115179248,node,Mevita second hand,grocery,provisioning_services,45.8877054,13.9052296,,,2026-09-04,OSM
4141340296,node,Market,grocery,provisioning_services,46.8177403,16.0288942,,,2026-09-04,OSM
4145381546,node,Maloprodajna trgovina Fructal,grocery,provisioning_services,45.8842532,13.9053653,,,2026-09-04,OSM
4154241535,node,Trgovina,grocery,provisioning_services,46.0834301,14.7364164,,,2026-09-04,OSM
4185708493,node,Mercator,grocery,provisioning_services,46.0527323,14.5144019,Mo-Sa 07:00-20:00,2023-10-08,2026-09-04,OSM
4187257689,node,TUŠ,grocery,provisioning_services,46.2292014,15.2658472,Mo-Fr 07:00-20:00; Sa 08:00-17:00,,2026-09-04,OSM
4205822324,node,Mercator,grocery,provisioning_services,46.0651471,14.3144773,,,2026-09-04,OSM
4209881309,node,trgovina Dom,grocery,provisioning_services,45.933029,14.62489,,,2026-09-04,OSM
4216308489,node,Tuš Market Veronika,grocery,provisioning_services,46.220668,14.6046843,Mo-Fr 08:00-19:30; Sa 08:00-15:00,,2026-09-04,OSM
4243105092,node,Spar,grocery,provisioning_services,46.0515692,14.5120902,Mo-Sa 08:00-20:00,,2026-09-04,OSM
4249866394,node,Nakup,grocery,provisioning_services,46.2232904,14.6082921,,,2026-09-04,OSM
4252829749,node,Market Podgorje,grocery,provisioning_services,46.4715818,15.0880633,"Mo-Fr 07:00-17:00; Sa 07:00-15:00; Su, PH off",,2026-09-04,OSM
4253857202,node,Hofer,grocery,provisioning_services,46.5453563,15.6175041,Mo-Sa 8:00-21:00; Su OFF,,2026-09-04,OSM
4253857203,node,EuroSpin,grocery,provisioning_services,46.5454928,15.6187808,"Mo-Sa 08:00-20:00; Su, PH off",,2026-09-04,OSM
4255752590,node,unnamed,grocery,provisioning_services,46.049853,14.5160634,,,2026-09-04,OSM
4271757559,node,Mercator,grocery,provisioning_services,45.9568199,13.6468563,,2026-05-12,2026-09-04,OSM
4292877389,node,Mercator,grocery,provisioning_services,46.0587,14.8276942,,,2026-09-04,OSM
4304733352,node,TUŠ,grocery,provisioning_services,45.5072536,13.6152111,Mo-Sa 08:00-20:00,2025-07-16,2026-09-04,OSM
4307940717,node,Zrno do zrna,grocery,provisioning_services,46.0519033,14.5074011,Mo-Fr 08:00-19:00; Sa 08:00-14:00,,2026-09-04,OSM
4313249692,node,Mercator,grocery,provisioning_services,46.0554125,14.5256113,,,2026-09-04,OSM
4318391340,node,Špar Partner Dokležovje,grocery,provisioning_services,46.6016812,16.1709497,Mo-Fr 07:30-19:00; Sa 07:30-13:00,2025-02-26,2026-09-04,OSM
4320839687,node,Mercator,grocery,provisioning_services,46.0728006,14.4909259,Mo-Sa 08:00-20:00,,2026-09-04,OSM
4347862890,node,Mercator,grocery,provisioning_services,45.5067788,13.6009912,Su 08:00-12:00; Sa 07:00-13:00; Mo-Fr 07:00-19:00,,2026-09-04,OSM
4350979752,node,Spar,grocery,provisioning_services,46.4326952,14.0588079,Mo-Sa 8:00-20:00; Su 8:00-13:00,,2026-09-04,OSM
4359973689,node,Market Fama,grocery,provisioning_services,45.6826144,13.9694008,,,2026-09-04,OSM
4392668808,node,Ekošara,grocery,provisioning_services,46.3695995,14.1115569,Mo-Fr 08:00-18:00; Sa 09:00-12:00,,2026-09-04,OSM
4403231192,node,Spar,grocery,provisioning_services,46.0520815,14.5045096,Mo-Fr 07:00-21:00; Sa 08:00-21:00,,2026-09-04,OSM
4407979903,node,Mercator,grocery,provisioning_services,46.4397316,14.043872,,,2026-09-04,OSM
4448147580,node,Mercator,grocery,provisioning_services,46.1031715,14.7894792,Mo-Fr 09:00-19:00; Sa 07:00-13:00; PH off,,2026-09-04,OSM
4502322590,node,Mercator,grocery,provisioning_services,46.0603218,14.5160303,Mo-Sa 08:00-21:00,,2026-09-04,OSM
4502378789,node,KNAUS,grocery,provisioning_services,46.0616763,14.516386,"Mo-Fr 07:00-21:00; Sa 08:00-19:00; Su,PH 08:00-19:00",,2026-09-04,OSM
4510751957,node,Market S,grocery,provisioning_services,46.5192222,16.2830434,,,2026-09-04,OSM
4531596482,node,Trgovina Tuš,grocery,provisioning_services,45.9564367,14.8072222,,,2026-09-04,OSM
4549713490,node,Mercator,grocery,provisioning_services,46.3006153,15.5017295,,,2026-09-04,OSM
4570922175,node,Mercator,grocery,provisioning_services,45.9544985,13.6403253,,2026-05-12,2026-09-04,OSM
4591430422,node,Trgovovina Fijavž,grocery,provisioning_services,46.2587471,15.1111838,Mo-Sa 06:30-19:00; Su 07:00-11:30,,2026-09-04,OSM
4591522587,node,Market prehrane Mercator,grocery,provisioning_services,45.9548675,13.6453517,,,2026-09-04,OSM
4604137358,node,Mercator,grocery,provisioning_services,46.5616172,16.4503592,,,2026-09-04,OSM
4607605558,node,Kaos,grocery,provisioning_services,46.4456278,15.5377351,,,2026-09-04,OSM
4610586890,node,Mercator,grocery,provisioning_services,45.9606753,13.6383402,Mo-Fr 09:00-21:00; Sa 08:00-21:00,,2026-09-04,OSM
4614503187,node,TUŠ Market,grocery,provisioning_services,45.9618378,13.646819,,,2026-09-04,OSM
4624077156,node,Mercator,grocery,provisioning_services,46.7046578,16.1543913,,,2026-09-04,OSM
4628860555,node,Mercator,grocery,provisioning_services,46.3943427,15.5649748,,,2026-09-04,OSM
4631920489,node,Koper Slovénie,grocery,provisioning_services,45.5480103,13.7298267,Mo-Fr 07:00-21:00; Sa 07:00-20:00,,2026-09-04,OSM
4674956709,node,Mercator Partner,grocery,provisioning_services,45.4656492,13.678696,,,2026-09-04,OSM
4686848943,node,Market Brnik,grocery,provisioning_services,46.2393402,14.4845397,,,2026-09-04,OSM
4687113391,node,Mercator,grocery,provisioning_services,46.6148296,15.2127311,,,2026-09-04,OSM
4716907093,node,Trgovina Korenček,grocery,provisioning_services,46.545338,15.6717122,"Mo-Su,PH 7:00-21:00",,2026-09-04,OSM
4749399288,node,EuroSpin,grocery,provisioning_services,46.5620807,16.449946,Mo-Sa 08:00-20:00; Su off,,2026-09-04,OSM
4763683531,node,Tuš market,grocery,provisioning_services,45.7988706,15.1552033,,,2026-09-04,OSM
4763936122,node,TUŠ market - Kersnikova,grocery,provisioning_services,46.5636006,15.6555811,Mo-Fr 07:30-20:00,,2026-09-04,OSM
4791270093,node,unnamed,grocery,provisioning_services,46.4041958,14.1356804,,,2026-09-04,OSM
4800709785,node,Mercator,grocery,provisioning_services,45.7383565,14.7274898,,,2026-09-04,OSM
4817537727,node,Market Atomska Vas,grocery,provisioning_services,46.1560015,15.6060951,Mo-Fr 09:00-16:30; Sa 09:00-13:30,,2026-09-04,OSM
4819858970,node,Merrcator,grocery,provisioning_services,46.3178257,15.6676236,,,2026-09-04,OSM
4879121756,node,Spar Blatnik,grocery,provisioning_services,46.0013663,14.5537476,Mo-Sa 06:30-20:00,2026-02-25,2026-09-04,OSM
4926420688,node,Trgovina Osmica,grocery,provisioning_services,46.3693266,15.1040852,,,2026-09-04,OSM
4934475378,node,Spar,grocery,provisioning_services,46.5138623,15.0831787,,,2026-09-04,OSM
4936563039,node,TUŠ Market,grocery,provisioning_services,46.5052892,15.0818976,Mo-Fr 07:00-20:00; Sa 07:00-18:00,,2026-09-04,OSM
4939111260,node,KAŠČA trgovina z zdravo hrano,grocery,provisioning_services,46.5102297,15.0798991,Mo-Fr 08:00-18:00; Sa 08:00-12:00,2025-02-12,2026-09-04,OSM
4948472019,node,Mercator,grocery,provisioning_services,45.5023327,13.8742988,,,2026-09-04,OSM
4954259626,node,EuroSpin,grocery,provisioning_services,46.3554795,15.1163837,"Mo-Sa 08:00-20:00, Su 08:00-13:00",,2026-09-04,OSM
4958408422,node,Lokalka,grocery,provisioning_services,46.5575699,15.6436455,,,2026-09-04,OSM
4972464934,node,TUŠ Market Cerar,grocery,provisioning_services,46.1685292,14.6897713,,,2026-09-04,OSM
4977298921,node,Mercator,grocery,provisioning_services,45.545473,13.7300003,Mo-Fr 07:00-15:00; Sa 08:00-13:00,,2026-09-04,OSM
4983684635,node,Mercator,grocery,provisioning_services,46.1290037,13.9896915,"Mo-Fr 07:00-19:00; Sa 07:00-13:00; Su, PH off",,2026-09-04,OSM
4994778887,node,Mercator,grocery,provisioning_services,45.884595,15.5235209,,,2026-09-04,OSM
5012379110,node,Mercator,grocery,provisioning_services,45.8895091,13.6693251,Mo-Fr 07:00-19:00; Sa 07:00-15:00,,2026-09-04,OSM
5018776593,node,Travel Free,grocery,provisioning_services,45.8924309,15.6833939,,,2026-09-04,OSM
5020213628,node,unnamed,grocery,provisioning_services,45.5443629,13.7320268,,,2026-09-04,OSM
5026092418,node,Mercator Market Benedikt,grocery,provisioning_services,46.6085895,15.8917495,,,2026-09-04,OSM
5039345225,node,Mercator,grocery,provisioning_services,46.1597704,15.0538475,Mo-Sa 07:00-21:00,,2026-09-04,OSM
5053206116,node,Merkator,grocery,provisioning_services,46.1710541,14.304216,"Mo-Sa 07:00-20:00; Su,PH off",,2026-09-04,OSM
5057225022,node,Market Tuš,grocery,provisioning_services,46.5513793,15.662017,Mo-Fr 7:30-19:00; Sa 7:30-17:00,,2026-09-04,OSM
5068915930,node,Interspar Vič,grocery,provisioning_services,46.0392278,14.4767896,Mo-Sa 08:00-21:00,2023-07-16,2026-09-04,OSM
5091539470,node,Mini Market,grocery,provisioning_services,46.0571193,14.5147868,"Mo-Fr 07:00-20:00, Sa 07:00-14:00",,2026-09-04,OSM
5178974924,node,Biotopic,grocery,provisioning_services,46.2410638,15.2769023,,,2026-09-04,OSM
5186728688,node,Čeburaška trgovina,grocery,provisioning_services,46.5538779,15.6452283,,,2026-09-04,OSM
5224427499,node,Mercator,grocery,provisioning_services,46.7073476,16.0813357,,,2026-09-04,OSM
5229584467,node,Tuš Market Kea Goriška,grocery,provisioning_services,46.539927,15.637241,Mo-Fr 07:00-20:00; Sa 07:00-17:00,,2026-09-04,OSM
5242467727,node,Market in Mesarija Kum,grocery,provisioning_services,46.1329228,14.998835,,,2026-09-04,OSM
5249405281,node,Robin Food,grocery,provisioning_services,46.5573203,15.6232667,,,2026-09-04,OSM
5296076771,node,Tuš,grocery,provisioning_services,46.697189,15.7381125,,,2026-09-04,OSM
5326009307,node,Lucky Hao,grocery,provisioning_services,46.5610015,15.6464383,Mo-Fr 09:00-19:00; Sa 09:00-13:00; Su off,,2026-09-04,OSM
5392723290,node,Mercator,grocery,provisioning_services,45.789642,14.3680249,,,2026-09-04,OSM
5501986614,node,Kompas Shop Ljubelj,grocery,provisioning_services,46.4324075,14.2598623,Mo-Su 08:00-20:00,,2026-09-04,OSM
5548807323,node,Trgovina Alteja,grocery,provisioning_services,46.1476319,15.2399695,Mo-Fr 07:00-18:00; Sa 07:00-15:00; Su 07:00-12:00,,2026-09-04,OSM
5569696306,node,Mercator,grocery,provisioning_services,45.5079225,13.603967,,,2026-09-04,OSM
5618327611,node,Spar,grocery,provisioning_services,46.0519308,14.1107843,Mo-Fr 07:00-19:00; Sa 07:00-13:00,,2026-09-04,OSM
5643443921,node,Sanolabor - trgovina z medicinskimi pripomočki,grocery,provisioning_services,45.5464286,13.7259107,,,2026-09-04,OSM
5648711250,node,AGAS,grocery,provisioning_services,46.5251423,15.6680059,,,2026-09-04,OSM
5714540025,node,Mercator,grocery,provisioning_services,46.1403831,14.412048,,,2026-09-04,OSM
5760870171,node,Mercator,grocery,provisioning_services,45.5494511,13.8129423,,,2026-09-04,OSM
5781611553,node,unnamed,grocery,provisioning_services,46.0688533,14.4899823,,,2026-09-04,OSM
5781977053,node,unnamed,grocery,provisioning_services,46.0553389,14.51137,,,2026-09-04,OSM
5793560453,node,unnamed,grocery,provisioning_services,46.2274307,15.2646529,,,2026-09-04,OSM
5793599853,node,Norma,grocery,provisioning_services,46.2291993,15.2624099,,,2026-09-04,OSM
5800936554,node,Bio Si Market,grocery,provisioning_services,46.2292002,15.2638681,,,2026-09-04,OSM
5804164975,node,Fama Market Feliče Bukovje,grocery,provisioning_services,45.822359,14.1407176,Mo-Fr 08:00-18:00; Sa 08:00-12:00,,2026-09-04,OSM
5809278315,node,Mercator,grocery,provisioning_services,46.22527,14.1672517,,,2026-09-04,OSM
5809278316,node,Mercator,grocery,provisioning_services,46.1652278,14.3069701,Mo-Fr 08:00-21:00; Sa 07:00-20:00,,2026-09-04,OSM
5817836284,node,Trgovina Mercator Britof,grocery,provisioning_services,46.2600901,14.3889089,,,2026-09-04,OSM
5834769031,node,Mercator,grocery,provisioning_services,46.4962466,13.7191193,Mo-Fr 08:00-19:00; Sa 08:00-15:00; Su off,,2026-09-04,OSM
5834951909,node,Market Pirat,grocery,provisioning_services,45.5056035,13.5977935,,,2026-09-04,OSM
5837180223,node,Market Agraria Koper,grocery,provisioning_services,45.5353022,13.6593874,Mo-Fr 07:30-20:00; Sa 07:30-18:00; Su off,2025-07-19,2026-09-04,OSM
5860306505,node,EuroSpin,grocery,provisioning_services,45.7965677,14.3367435,,,2026-09-04,OSM
5873131506,node,Mak Praprotnik (Mercator),grocery,provisioning_services,46.2313951,14.3459863,Mo-Sa 7:00-21:00; Su off,,2026-09-04,OSM
5873843214,node,Tuš Market Dorfarje,grocery,provisioning_services,46.1950289,14.3238085,Mo-Fr 7:00-19:00; Sa 7:00-13:00,,2026-09-04,OSM
5890250685,node,Market Neblo,grocery,provisioning_services,46.0048874,13.5027409,"Mo-Sa 07:00-19:00; Su,PH off",,2026-09-04,OSM
5897407484,node,Mercator,grocery,provisioning_services,46.1461688,15.0844215,,,2026-09-04,OSM
5946558990,node,Tuš,grocery,provisioning_services,46.2365867,14.372599,,,2026-09-04,OSM
5982574184,node,Mercator,grocery,provisioning_services,45.5459337,13.726315,Mo-Fr 07:00-19:00; Sa 07:00-15:00; Su 08:00-12:00,,2026-09-04,OSM
6132740223,node,EuroSpin,grocery,provisioning_services,45.5352118,13.6709515,Mo-Sa 08:00-20:00; Su 08:00-13:00,2026-05-18,2026-09-04,OSM
6141367482,node,MT,grocery,provisioning_services,46.0553011,14.5592208,,,2026-09-04,OSM
6244806001,node,Hofer,grocery,provisioning_services,46.0691247,14.5437878,,,2026-09-04,OSM
6448948111,node,Štacunca pr' Mimi,grocery,provisioning_services,46.1553152,14.4853663,,,2026-09-04,OSM
6479041960,node,Tuš Market Markič,grocery,provisioning_services,46.3217049,14.2972767,"Mo-Fr 07:30-20:00, Sa 07:30-15:00, Su 08:00-13:00",,2026-09-04,OSM
6578998187,node,Hofer,grocery,provisioning_services,46.0513513,14.512351,Mo-Sa 08:00-21:00,2026-07-20,2026-09-04,OSM
6627203761,node,Hofer,grocery,provisioning_services,46.3485087,14.1787887,Mo-Sa 08:00-20:00,2023-06-16,2026-09-04,OSM
6629590511,node,Kompas Shop,grocery,provisioning_services,45.5941371,13.7245314,,,2026-09-04,OSM
6661175097,node,Market Planika,grocery,provisioning_services,46.2453637,13.5854048,Mo-Fr 07:00-19:00; Sa 07:00-14:00,,2026-09-04,OSM
6744002489,node,Market Kamp Fiesa,grocery,provisioning_services,45.5233787,13.5798353,07:30-20:00,2025-07-15,2026-09-04,OSM
6750108563,node,Mercator,grocery,provisioning_services,46.365127,15.1283281,Mo-Fr 07:00-19:00; Sa 07:00-13:00; Su 08:00-12:00,,2026-09-04,OSM
6750546685,node,Tuš,grocery,provisioning_services,46.3575618,15.1299582,,,2026-09-04,OSM
6755538798,node,Lidl,grocery,provisioning_services,45.529152,13.7358003,Mo-Sa 08:00-21:00; Su 09:00-15:00,,2026-09-04,OSM
6757652985,node,Mercator,grocery,provisioning_services,46.0005645,14.0213444,,,2026-09-04,OSM
6796513000,node,TUŠ Idrija,grocery,provisioning_services,45.99595,14.0340752,,,2026-09-04,OSM
6796513005,node,Mercator,grocery,provisioning_services,45.9952436,14.0354373,,,2026-09-04,OSM
6796513006,node,Merkur,grocery,provisioning_services,46.0046211,14.0304248,Mo-Fr 07:00-17:00; Sa 07:30-13:00,,2026-09-04,OSM
6920220533,node,Tus,grocery,provisioning_services,45.9427948,15.4868339,,,2026-09-04,OSM
6920220535,node,Mercator,grocery,provisioning_services,45.9431201,15.4854382,Mo-Sa 07:00-20:00,,2026-09-04,OSM
6944621162,node,Trgovina Kea,grocery,provisioning_services,46.1516867,15.6006153,Mo-Fr 07:00-20:00; Sa 07:00-17:00; PH Su 08:00-12:00,,2026-09-04,OSM
6944801414,node,Pod progo,grocery,provisioning_services,46.0539006,14.5940217,,,2026-09-04,OSM
6968980032,node,THE Nutrition Koper,grocery,provisioning_services,45.5438241,13.7270957,Mo-Fr 09:00-19:00; Su Off,,2026-09-04,OSM
7028622546,node,Market Vera,grocery,provisioning_services,46.6291592,15.6984447,,,2026-09-04,OSM
7093281717,node,Koroška trgovina,grocery,provisioning_services,46.4935097,15.1066049,,,2026-09-04,OSM
7114274275,node,Mercator,grocery,provisioning_services,45.7944309,14.3608737,,,2026-09-04,OSM
7159890598,node,Trgovina Hruška,grocery,provisioning_services,46.0439195,14.5591505,Mo-Fr 09:00-18:00; Su 09:00-12:00,,2026-09-04,OSM
7195649711,node,Kmetijska zadruga,grocery,provisioning_services,45.9844853,15.1862955,,,2026-09-04,OSM
7401147090,node,Mercator,grocery,provisioning_services,46.5578283,15.645018,Mo-Fr 07:00-20:00; Sa 07:30-20:00,,2026-09-04,OSM
7596581332,node,Pomurske mlekarne,grocery,provisioning_services,46.5277563,16.1932598,,,2026-09-04,OSM
7661248462,node,Market Žaga,grocery,provisioning_services,46.3041465,13.4814397,"Mo-Sa 07:00-13:00,15:00-19:00",,2026-09-04,OSM
7734829908,node,Fama Market,grocery,provisioning_services,46.0888322,13.6352801,,,2026-09-04,OSM
7751915185,node,Mercator,grocery,provisioning_services,46.0497201,14.5047353,Mo-Fr 07:00-21:00; Sa 08:00-21:00,2025-05-31,2026-09-04,OSM
7793457177,node,Rina,grocery,provisioning_services,45.5206389,15.1778229,Mo-Fr 07:00-19:00; Sa 07:00-16:00,,2026-09-04,OSM
7810665651,node,Market Solčava,grocery,provisioning_services,46.4193455,14.6938746,,,2026-09-04,OSM
7815260349,node,Mercator,grocery,provisioning_services,46.275818,14.7616352,,,2026-09-04,OSM
7823256666,node,Mercator,grocery,provisioning_services,46.3500941,15.7337196,,,2026-09-04,OSM
7832961658,node,Mercator,grocery,provisioning_services,45.5002993,13.7173889,,,2026-09-04,OSM
7836838031,node,Market Ajdovščina,grocery,provisioning_services,45.8873587,13.9037855,"Mo-Fr 07:00-19:00; Sa 07:00-15:00; Su,PH off",2024-06-02,2026-09-04,OSM
7844076904,node,unnamed,grocery,provisioning_services,46.6133623,16.3394464,Mo-Fr 07:00-18:00; Sa 07:00-13:00; Su 08:00-12:00,,2026-09-04,OSM
7852676796,node,Mercator,grocery,provisioning_services,46.5016603,15.7019197,Mo-Fr 07:00-20:00; Sa 07:00-18:00,,2026-09-04,OSM
7857082410,node,HIP-HOP,grocery,provisioning_services,46.5839556,15.8400915,,,2026-09-04,OSM
7894429835,node,Sintal,grocery,provisioning_services,46.0780805,14.4905464,,,2026-09-04,OSM
7980724668,node,unnamed,grocery,provisioning_services,45.5029021,13.5930683,Mo-Su 08:00-18:00,,2026-09-04,OSM
7982578496,node,EuroSpin,grocery,provisioning_services,46.0187973,14.5311059,Mo-Sa 08:00-20:00; Su off,2026-08-17,2026-09-04,OSM
7992300585,node,Trgovina MMP,grocery,provisioning_services,45.4965492,15.0756945,,,2026-09-04,OSM
7992634820,node,Mercator,grocery,provisioning_services,45.5471991,13.7665309,Mo-Fr 07:00-19:00,,2026-09-04,OSM
8000483297,node,Office&More,grocery,provisioning_services,45.5400044,13.7340693,,,2026-09-04,OSM
8027662477,node,Supermarket SPAR,grocery,provisioning_services,46.232908,15.257995,Mo-Fr 07:00-20:00; Sa 08:00-15:00; Su off,,2026-09-04,OSM
8043066423,node,Fama Market Gorjansko,grocery,provisioning_services,45.8027811,13.7143811,Mo-Sa 07:00-19:00,,2026-09-04,OSM
8048182303,node,Mercator,grocery,provisioning_services,46.6041331,15.1068449,,,2026-09-04,OSM
8176297507,node,EuroSpin,grocery,provisioning_services,45.9391597,15.4837884,,,2026-09-04,OSM
8198578277,node,Tuš market Radlje ob Dravi,grocery,provisioning_services,46.6149213,15.2234253,,,2026-09-04,OSM
8254285650,node,Trgovinica Barbara,grocery,provisioning_services,45.8908547,14.4400682,Mo-Fr 08:00-18:00; Sa 08:00-14:00; Su 08:00-12:00,,2026-09-04,OSM
8295630306,node,E.Leclerc,grocery,provisioning_services,46.5222958,15.6533637,"Mo-Sa 08:00-21:00; PH,Su off",,2026-09-04,OSM
8365129328,node,EuroSpin,grocery,provisioning_services,45.9628017,13.649928,Mo-Sa 08:00-20:00,,2026-09-04,OSM
8605379240,node,unnamed,grocery,provisioning_services,46.3806189,15.2946786,,,2026-09-04,OSM
8618704666,node,Tuš supermarket Pobrežje,grocery,provisioning_services,46.5478154,15.6741375,Mo-Sa 8:00-20:00,,2026-09-04,OSM
8622210537,node,Tuš market Rača,grocery,provisioning_services,46.1376145,14.5916653,,,2026-09-04,OSM
8625877406,node,Fama Market,grocery,provisioning_services,45.5184256,13.7787369,"Mo-Fr 07:00-19:00, Sa 7:00-13:00",,2026-09-04,OSM
8682583446,node,Market Zdole,grocery,provisioning_services,45.9767689,15.5450252,,,2026-09-04,OSM
8854612177,node,Mercator,grocery,provisioning_services,45.7504157,15.0501336,,,2026-09-04,OSM
8892266686,node,EuroSpin,grocery,provisioning_services,46.2403445,15.254877,,,2026-09-04,OSM
8946042635,node,Trgovina,grocery,provisioning_services,45.5608621,15.1698191,,,2026-09-04,OSM
8957585349,node,Mercator,grocery,provisioning_services,46.0317702,14.026289,,,2026-09-04,OSM
8964638577,node,TI&KA,grocery,provisioning_services,46.6792445,15.6541851,,,2026-09-04,OSM
8964717662,node,Tuš,grocery,provisioning_services,45.8684635,15.2468643,,,2026-09-04,OSM
8978512337,node,Mercator,grocery,provisioning_services,46.0636543,14.5094274,,,2026-09-04,OSM
8989387640,node,unnamed,grocery,provisioning_services,45.9469954,15.1389749,,,2026-09-04,OSM
9032304791,node,Trgovina Krpan,grocery,provisioning_services,46.2876416,13.8944629,"Mo-Sa 06:30-19:00; Su 06:30-11:00,15:00-18:00",,2026-09-04,OSM
9063629582,node,Foršt trgovina,grocery,provisioning_services,46.3437439,14.8331885,Mo-Fr 07:00-19:00; Sa 07:00-15:00; 2021 Sep-Dec off; 2022+ off,,2026-09-04,OSM
9065633910,node,Hlebosol,grocery,provisioning_services,46.0549913,14.5044703,Mo-Fr 08:00-20:00; Sa 10:00-18:00,,2026-09-04,OSM
9104754356,node,Spar,grocery,provisioning_services,45.9220832,13.6414265,Mo-Sa 08:00-20:00; PH off,,2026-09-04,OSM
9116471652,node,Mercator-Trgovina Gaja,grocery,provisioning_services,46.6501485,16.1875082,Mo-Fr 07:00-15:00,,2026-09-04,OSM
9139405508,node,unnamed,grocery,provisioning_services,45.5206234,14.3476091,,,2026-09-04,OSM
9141196337,node,Mercator,grocery,provisioning_services,45.7721335,14.2022737,Mo-Sa 08:00-21:00,,2026-09-04,OSM
9207716620,node,Tuš Cash & Carry,grocery,provisioning_services,46.0665844,14.5565238,,,2026-09-04,OSM
9228759212,node,Tuš drogerija,grocery,provisioning_services,46.0689082,14.489809,,2025-04-07,2026-09-04,OSM
9233283646,node,TUŠ market,grocery,provisioning_services,46.5423269,14.965631,,,2026-09-04,OSM
9233513931,node,TUŠ supermarket,grocery,provisioning_services,46.5920508,15.0304859,,,2026-09-04,OSM
9238625782,node,TUŠ Market,grocery,provisioning_services,46.1041877,15.405989,,,2026-09-04,OSM
9239017038,node,TUŠ Market,grocery,provisioning_services,45.8281646,15.1573838,,,2026-09-04,OSM
9239138403,node,Tuš drogerija,grocery,provisioning_services,46.4394961,14.0432461,,,2026-09-04,OSM
9241715101,node,TUŠ Market,grocery,provisioning_services,45.9551634,14.6512911,,,2026-09-04,OSM
9241843921,node,Tuš drogerija,grocery,provisioning_services,46.0570925,14.8306683,,,2026-09-04,OSM
9241856020,node,Tuš drogerija,grocery,provisioning_services,46.1342616,14.9962076,,,2026-09-04,OSM
9244289115,node,Tuš drogerija,grocery,provisioning_services,46.3576978,14.2975192,,,2026-09-04,OSM
9244327027,node,Tuš market,grocery,provisioning_services,46.0677974,15.659712,,,2026-09-04,OSM
9244368716,node,TUŠ Market,grocery,provisioning_services,46.1516299,15.6004252,,,2026-09-04,OSM
9244492973,node,TUŠ market,grocery,provisioning_services,46.3352406,15.2252535,,,2026-09-04,OSM
9266310214,node,Jager,grocery,provisioning_services,46.3384817,14.9661727,,,2026-09-04,OSM
9266310215,node,Spar,grocery,provisioning_services,46.3404636,14.9714537,,2026-08-13,2026-09-04,OSM
9266459483,node,unnamed,grocery,provisioning_services,46.0264755,14.8729366,,,2026-09-04,OSM
9266459484,node,Tuš,grocery,provisioning_services,46.1212268,15.2004627,,,2026-09-04,OSM
9266459488,node,Jager,grocery,provisioning_services,46.2855217,15.0412361,,,2026-09-04,OSM
9269947065,node,Mlinotest,grocery,provisioning_services,45.8290281,14.2498913,Mo-Fr 07:30-18:30; Sa 08:00-13:00,,2026-09-04,OSM
9458820109,node,Spar partner Šebenik,grocery,provisioning_services,46.031592,14.445194,"Mo-Fr 07:30-20:00, Sat 07:30-18:00",,2026-09-04,OSM
9487190053,node,Trgovina pod mostom,grocery,provisioning_services,46.0900148,14.5086842,Mo-Sa 07:00-20:00,,2026-09-04,OSM
9518311518,node,Spar,grocery,provisioning_services,45.7961169,15.181585,,,2026-09-04,OSM
9608371699,node,Mercator,grocery,provisioning_services,46.2407439,14.3561839,Mo-Fr 07:00-19:00; Sa 07:00-13:00,,2026-09-04,OSM
9667481903,node,Motorna olja Petronia,grocery,provisioning_services,46.6663572,16.1698835,,,2026-09-04,OSM
9712932889,node,Market Mavrica trgovina na drobno,grocery,provisioning_services,46.5533169,16.2656155,Mo-Fr 07:00-18:00; Sa 07:00-13:00,,2026-09-04,OSM
9839284105,node,Tuš Ptuj,grocery,provisioning_services,46.4268231,15.8816129,Mo-Sa 07:00-20:00,,2026-09-04,OSM
9848191878,node,Mercator,grocery,provisioning_services,45.9624472,13.6450581,,,2026-09-04,OSM
9875809359,node,Mercator,grocery,provisioning_services,45.9018133,14.7985692,,,2026-09-04,OSM
9890280594,node,TUŠ market Marjan,grocery,provisioning_services,46.0474502,14.1093753,Mo-Fr 07:00-19:00; Sa 07:00-13:00; Su 08:00-12:00,,2026-09-04,OSM
9921817786,node,Kmetijska zadruga Velike Lašče Trgovina,grocery,provisioning_services,45.8765791,14.6127816,"Mo-Fr 07:00-19:00, Sa 7:00-12:00",,2026-09-04,OSM
9929761572,node,Mercator,grocery,provisioning_services,46.2134954,13.971621,Mo-Fr 08:00-19:00; Sa 07:30-13:00,,2026-09-04,OSM
9958730878,node,Market Iga vas,grocery,provisioning_services,45.6904947,14.4850214,Mo-Sa 07:00-19:00; Su off,,2026-09-04,OSM
9963859262,node,Spar,grocery,provisioning_services,46.2051124,14.5394969,Mo-Fr 07:00-20:00; Sa 07:00-17:00,,2026-09-04,OSM
9970028401,node,Mercator,grocery,provisioning_services,46.0460009,14.5064558,Mo-Fr 07:00-21:00; Sa 08:00-21:00; Su off,,2026-09-04,OSM
9984763955,node,Market Kea,grocery,provisioning_services,46.3427174,14.8331643,Mo-Fr 07:00-19:00; Sa 07:00-17:00; Su off,,2026-09-04,OSM
10011503132,node,Trgovina Postaja,grocery,provisioning_services,46.1462467,13.7603475,"Mo, We, Fr 7:30 - 14:00; Tu, Th 8:00 - 18:00; Sa 8:00 - 12:00",,2026-09-04,OSM
10012090841,node,Tuš supermarket Lenart,grocery,provisioning_services,46.5744923,15.8219057,Mo-Sa 08:00-20:00,2024-04-08,2026-09-04,OSM
10029954178,node,Trgovina in mesnica Planinski raj,grocery,provisioning_services,45.9550901,13.6490817,,,2026-09-04,OSM
10047334063,node,Honey & olives,grocery,provisioning_services,46.0503451,14.507648,Mo-Fr 10:00-18:00; Sa 10:00-13:00,,2026-09-04,OSM
10102974806,node,HIP-HOP,grocery,provisioning_services,46.5335154,15.6993999,24/7,,2026-09-04,OSM
10154211481,node,Mercator,grocery,provisioning_services,45.8332154,14.9281006,"Mo-Fr 07:00-19:00, Sa 07:00-18:00",,2026-09-04,OSM
10154810852,node,Spar,grocery,provisioning_services,46.3669648,14.1607328,Mo-Sa 08:00-20:00,,2026-09-04,OSM
10162826434,node,Spar,grocery,provisioning_services,46.1438298,15.0376439,Mo-Sa 08:00-20:00,,2026-09-04,OSM
10255314901,node,Mercator,grocery,provisioning_services,46.1418978,15.1158423,,,2026-09-04,OSM
10260814178,node,Lidl,grocery,provisioning_services,46.049509,14.5025477,Mo-Sa 08:00-21:00; Su off,,2026-09-04,OSM
10555141526,node,trgovina Helena,grocery,provisioning_services,45.9596957,15.6850728,,,2026-09-04,OSM
10761832490,node,Market Panja,grocery,provisioning_services,46.6654507,15.5881754,Mo-Fr 07:30-18:00; Sa 07:30-13:00; Su 08:00-12:00,,2026-09-04,OSM
10794912893,node,Lidl,grocery,provisioning_services,46.0574406,14.5129587,Mo-Sa 07:30-21:00; Su off,,2026-09-04,OSM
10819618357,node,Tuš,grocery,provisioning_services,45.6095954,13.9346324,Mo-Sa 08:00-20:00,,2026-09-04,OSM
10820111606,node,Tuš,grocery,provisioning_services,45.5215197,14.1459206,,,2026-09-04,OSM
10832308703,node,Lavanda market,grocery,provisioning_services,45.84839,15.6814717,,,2026-09-04,OSM
10844673596,node,Sadje in Zelenjava,grocery,provisioning_services,46.163625,14.5706154,Mo-Fr 08:00-18:00; Sa 08:00-12:00,,2026-09-04,OSM
10874103869,node,Lidl,grocery,provisioning_services,46.4278876,15.8675819,Mo-Sa 08:00-21:00; Su 08:00-15:00;,,2026-09-04,OSM
10892612183,node,Spar,grocery,provisioning_services,46.1674942,14.3056658,Mo-Fr 07:30-19:00; Sa 08:00-19:00,,2026-09-04,OSM
10905942478,node,Merkator,grocery,provisioning_services,46.0558697,14.5102161,Mo-Fr 07:00-20:00; Sa 08:00-15:00,,2026-09-04,OSM
10906076795,node,Spar,grocery,provisioning_services,46.6088458,15.1632746,Mo-Fr 07:00-19:00; Sa 07:00-17:00; Su 08:00-12:00,,2026-09-04,OSM
10940190355,node,EuroSpin,grocery,provisioning_services,46.4189573,15.8767027,Mo-Sa 08:00-20:00,,2026-09-04,OSM
10964017614,node,Market Terme Catez,grocery,provisioning_services,45.8899294,15.6227387,,,2026-09-04,OSM
10980632058,node,Mecator,grocery,provisioning_services,46.2161941,14.37467,,,2026-09-04,OSM
11003263805,node,Hofer,grocery,provisioning_services,46.4519708,15.6523742,,,2026-09-04,OSM
11011085160,node,Trgovina Robi,grocery,provisioning_services,46.0627796,14.4950533,Mo-Fr 10:00-21:00; Sa-Su 09:00-21:00,,2026-09-04,OSM
11012521375,node,Mercator,grocery,provisioning_services,46.3345671,15.2257023,,,2026-09-04,OSM
11037459765,node,Market Hinje,grocery,provisioning_services,45.7675429,14.8884964,"Mo-Tu 07:30-17:00,We 07:30-18:00,Th-Fr 07:30-17:00,Sa 07:30-13:00",,2026-09-04,OSM
11054773243,node,unnamed,grocery,provisioning_services,45.4933204,15.0772876,,,2026-09-04,OSM
11061661505,node,tuš,grocery,provisioning_services,46.1497937,15.050878,Mo-Fr 07:00-19:00; Sa 07:00-17:00,,2026-09-04,OSM
11098266328,node,Lidl,grocery,provisioning_services,46.0359183,14.464251,Mo-Sa 08:00-21:00; Su off,2026-08-18,2026-09-04,OSM
11114829437,node,Mercator,grocery,provisioning_services,46.3321767,13.5414996,Mo-Sa 07:00-21:00,2026-08-07,2026-09-04,OSM
11118473101,node,Market Osilnica,grocery,provisioning_services,45.5292019,14.6988347,"Mo,Tu,Th-Sa 08:00-15:00, We 08:00-16:00, Sa 08:00-13:00",,2026-09-04,OSM
11127309405,node,Merkator,grocery,provisioning_services,46.2196377,14.1550199,,,2026-09-04,OSM
11145949166,node,Goričanka Lamar,grocery,provisioning_services,46.8468934,16.1370455,,,2026-09-04,OSM
11148142008,node,Mercator,grocery,provisioning_services,45.9023956,15.6438843,,,2026-09-04,OSM
11220784558,node,Mercator,grocery,provisioning_services,45.8202856,14.3829582,,,2026-09-04,OSM
11248154479,node,Market,grocery,provisioning_services,46.2803651,13.5520084,Mo-Sa 07:30-13:00,,2026-09-04,OSM
11253304729,node,Spar,grocery,provisioning_services,46.0562421,14.505727,Mo-Fr 07:00-21:00; Sa 08:00-21:00,,2026-09-04,OSM
11253842935,node,Kiki,grocery,provisioning_services,46.6011781,16.3091786,,,2026-09-04,OSM
11291911139,node,Mercator,grocery,provisioning_services,46.5869631,16.2133808,,,2026-09-04,OSM
11292056070,node,EuroSpin,grocery,provisioning_services,46.0594844,14.5201985,Mo-Sa 08:00-20:00,,2026-09-04,OSM
11334935938,node,Lidl,grocery,provisioning_services,46.0617207,14.4969633,Mo-Sa 08:00-21:00; Su off,,2026-09-04,OSM
11358063150,node,Spar,grocery,provisioning_services,45.7716118,14.2030137,Mo-Sa 08:00-20:00,,2026-09-04,OSM
11375845245,node,Mercator,grocery,provisioning_services,46.1679251,14.4345713,,,2026-09-04,OSM
11417968680,node,Mercator,grocery,provisioning_services,46.3387446,15.7369828,,,2026-09-04,OSM
11512084091,node,EuroSpin,grocery,provisioning_services,46.6665856,16.1798403,Mo-Sa 08:00-20:00,,2026-09-04,OSM
11552536765,node,EuroSpin,grocery,provisioning_services,46.4417902,14.0338674,Mo-Sa 08:00-20:00,,2026-09-04,OSM
11573929507,node,Mercator,grocery,provisioning_services,45.9258168,14.0438247,Mo-Sa 07:00-19:00,,2026-09-04,OSM
11623055620,node,Lidl,grocery,provisioning_services,46.076628,14.4838353,Mo-Sa 08:00-21:00; Su off,2025-11-10,2026-09-04,OSM
11630853645,node,Mercator,grocery,provisioning_services,45.9416666,13.63916,,,2026-09-04,OSM
11631763081,node,Mercator,grocery,provisioning_services,45.9280696,13.7469453,,,2026-09-04,OSM
11635257961,node,Spar,grocery,provisioning_services,46.4074649,16.1592435,,,2026-09-04,OSM
11662750729,node,Mercator Vrhnika,grocery,provisioning_services,45.9735588,14.3026657,Mo-Sa 07:00-20:00,2025-12-16,2026-09-04,OSM
11691512951,node,Fama,grocery,provisioning_services,45.9016199,13.8807239,,,2026-09-04,OSM
11698712588,node,unnamed,grocery,provisioning_services,46.7428397,16.3083371,,,2026-09-04,OSM
11698743028,node,unnamed,grocery,provisioning_services,46.7337741,16.2680255,,,2026-09-04,OSM
11746663402,node,unnamed,grocery,provisioning_services,46.0846848,14.0392528,,,2026-09-04,OSM
11809126271,node,Mercator,grocery,provisioning_services,45.5711503,13.7923905,Mo-Sa 07:00-19:00,,2026-09-04,OSM
11817355024,node,Mercator,grocery,provisioning_services,46.362652,14.3090232,,,2026-09-04,OSM
11878550441,node,Atlas market - Turške dobrote,grocery,provisioning_services,46.0548247,14.5311161,Mo-Sa 08:00-20:00,2024-05-04,2026-09-04,OSM
11881399979,node,Mercator,grocery,provisioning_services,46.339837,14.2943332,"Mo-Fr 07:00-19:00,Sa 07:00-13:00",,2026-09-04,OSM
11897492792,node,Mercator,grocery,provisioning_services,46.1762329,13.7083377,,,2026-09-04,OSM
11918315869,node,fama,grocery,provisioning_services,45.8404715,13.9590889,,,2026-09-04,OSM
11949534997,node,Spar,grocery,provisioning_services,46.3475162,14.1776604,Mo-Sa 08:00-20:00,,2026-09-04,OSM
11951805911,node,Hofer,grocery,provisioning_services,46.105891,14.4539932,,,2026-09-04,OSM
11978044507,node,Supermarket Spar LJ Zalog,grocery,provisioning_services,46.0610878,14.6138872,Mo-Sa 08:00-20:00,,2026-09-04,OSM
12025648928,node,Delamaris,grocery,provisioning_services,45.5375127,13.6601514,Mo-Fr 07:30-15:00; Sa 07:30-13:00,2025-09-10,2026-09-04,OSM
12051917064,node,Mercator hipermarket Koseze,grocery,provisioning_services,46.0697992,14.4737114,Mo-Sa 08:00-21:00,,2026-09-04,OSM
12058790053,node,Market Mežica,grocery,provisioning_services,46.5205266,14.8532367,,,2026-09-04,OSM
12063161572,node,Prodajalna,grocery,provisioning_services,46.2508694,13.5868552,08:00-11:00;17:00-20:00,,2026-09-04,OSM
12063185270,node,Medeni Atelje,grocery,provisioning_services,46.3699066,14.1069575,,,2026-09-04,OSM
12063893856,node,unnamed,grocery,provisioning_services,45.8071191,14.6053224,,,2026-09-04,OSM
12127665906,node,Hofer,grocery,provisioning_services,46.5264302,15.6738423,"Mo-Sa 08:00-21:00; Su, PH off",2026-01-12,2026-09-04,OSM
12192265572,node,Mercator,grocery,provisioning_services,46.3279972,15.9352706,,,2026-09-04,OSM
12193978878,node,Mercator,grocery,provisioning_services,46.0063607,15.3146532,Mo-Fr 19:00-19:00; Sa 07:00-12:00,,2026-09-04,OSM
12251226630,node,Bistriška Špajza,grocery,provisioning_services,46.3886059,15.5708913,,,2026-09-04,OSM
12331244405,node,unnamed,grocery,provisioning_services,45.9217373,14.3603464,Mo-Sa 06:00-20:00; Su 08:00-15:00,,2026-09-04,OSM
12444956101,node,Jager,grocery,provisioning_services,46.6756484,15.6568528,Mo-Fr 07:00-20:00; Sa 07:00-19:00,,2026-09-04,OSM
12463904458,node,Mercator,grocery,provisioning_services,46.4150251,15.8633016,,,2026-09-04,OSM
12621494525,node,Vip Trend Nautilus - Grška trgovina,grocery,provisioning_services,46.5578041,16.447382,,2025-02-27,2026-09-04,OSM
12648344121,node,unnamed,grocery,provisioning_services,46.1234338,15.2029834,,,2026-09-04,OSM
12650021325,node,Shell Select,grocery,provisioning_services,46.522463,15.6797454,,,2026-09-04,OSM
12650030097,node,Shell Select,grocery,provisioning_services,46.5348589,15.6616482,,,2026-09-04,OSM
12697142015,node,Mercator,grocery,provisioning_services,46.055798,14.5019674,,2026-05-21,2026-09-04,OSM
12781969064,node,Bitega Marezige,grocery,provisioning_services,45.507097,13.7992847,Mo-Su 07:30-18:00,,2026-09-04,OSM
12828099540,node,Market Pr' Ličani,grocery,provisioning_services,45.5649705,14.2485604,Mo-Sa 07:00-19:00,,2026-09-04,OSM
12828497251,node,Fama Market Valma Cerkno,grocery,provisioning_services,46.1287867,13.9905244,Mo-Sa 07:00-19:00,,2026-09-04,OSM
12828505756,node,Fama Market Žgavec Sp. Idrija,grocery,provisioning_services,46.032077,14.0222548,Mo-Fr 07:00-18:00; Sa 07:00-12:30,,2026-09-04,OSM
12828507021,node,Fama Market HUM,grocery,provisioning_services,45.9961793,13.5799503,Mo-Fr 06:30-18:30; Sa 06:30-12:30,,2026-09-04,OSM
12848886344,node,Fama Market Hrpelje,grocery,provisioning_services,45.6056682,13.9468081,Mo-Fr 07:00-19:00; Sa 07:00-18:00,,2026-09-04,OSM
12875667451,node,Market,grocery,provisioning_services,46.2462936,13.5803345,,,2026-09-04,OSM
12899844867,node,Spar,grocery,provisioning_services,46.7982865,16.0900061,,,2026-09-04,OSM
12968914401,node,Trgovina Zali Log,grocery,provisioning_services,46.2065435,14.100776,Mo-Su 07:30-11:00,,2026-09-04,OSM
13052303186,node,Mercator,grocery,provisioning_services,46.4039546,14.1317976,Mo-Sa 07:00-20:00,2025-07-24,2026-09-04,OSM
13057942013,node,EuroSpin,grocery,provisioning_services,46.1055195,14.5365982,Mo-Sa 08:00-20:00,,2026-09-04,OSM
13072587726,node,Trgovina Natalija,grocery,provisioning_services,46.2389958,15.0927539,,,2026-09-04,OSM
13074113165,node,Mercator,grocery,provisioning_services,46.0848427,13.6342065,Mo-Sa 07:00-19:00,,2026-09-04,OSM
13115058199,node,Market Bolfenk,grocery,provisioning_services,46.5141503,15.5782805,24/7,,2026-09-04,OSM
13124789352,node,Mercator,grocery,provisioning_services,45.713772,14.4707017,,,2026-09-04,OSM
13192246121,node,Mercator,grocery,provisioning_services,46.1621284,14.6733047,,,2026-09-04,OSM
13227888806,node,unnamed,grocery,provisioning_services,45.9470809,15.5419728,,,2026-09-04,OSM
13232876624,node,Market Ormož,grocery,provisioning_services,46.4071531,16.1500961,,2025-10-14,2026-09-04,OSM
13256876164,node,Market Elit,grocery,provisioning_services,46.072099,14.4882646,,2025-11-10,2026-09-04,OSM
13270058924,node,unnamed,grocery,provisioning_services,46.0668405,14.4918596,,2025-10-30,2026-09-04,OSM
13288173731,node,Tuš supermarket,grocery,provisioning_services,46.1390745,14.5947918,,,2026-09-04,OSM
13300500002,node,Neža,grocery,provisioning_services,46.1520301,15.0571794,,,2026-09-04,OSM
13332544174,node,Market Baligač,grocery,provisioning_services,46.5540337,16.437973,Mo-Fr 07:00-14:30,,2026-09-04,OSM
13334754301,node,Mercator,grocery,provisioning_services,45.9626669,14.2942957,Mo-Fr 07:00-19:00; Sa 07:00-15:00,,2026-09-04,OSM
13414255872,node,Market Desetka,grocery,provisioning_services,46.0670189,14.5452288,,,2026-09-04,OSM
13458501917,node,Mercator,grocery,provisioning_services,45.9419783,15.1435373,,,2026-09-04,OSM
13591537825,node,Rifuzl,grocery,provisioning_services,46.0691348,14.4896762,Mo-Fr 09:00-19:00; Sa 09:00-13:00,,2026-09-04,OSM
13599059854,node,Interspar,grocery,provisioning_services,46.231533,14.366657,,,2026-09-04,OSM
13607904773,node,Mercator,grocery,provisioning_services,45.9961326,14.3280303,Mo-Fr 07:00-18:00; Sa 07:00-13:00; Su off,2026-02-28,2026-09-04,OSM
13686911797,node,EuroSpin,grocery,provisioning_services,45.9368462,14.8029158,,,2026-09-04,OSM
13705424606,node,Hip Shop,grocery,provisioning_services,46.1371279,14.4168891,,,2026-09-04,OSM
13705673352,node,unnamed,grocery,provisioning_services,45.5210542,14.1473888,,,2026-09-04,OSM
13706722963,node,Fama Market Obrov,grocery,provisioning_services,45.5422269,14.0871036,Mo-Fr 07:00-18:00; Sa 07:00-13:00,,2026-09-04,OSM
13722099756,node,Nama,grocery,provisioning_services,46.0519187,14.5030145,Mo-Sa 09:00-20:00,,2026-09-04,OSM
13841842069,node,Mercator,grocery,provisioning_services,46.1572214,14.4120817,,,2026-09-04,OSM
13853618311,node,Špar partner,grocery,provisioning_services,46.4753567,15.6554586,Mo-Fr 07:30-20:00; Sa 07:30-17:00; Su off,2026-05-20,2026-09-04,OSM
13943038943,node,Mercator,grocery,provisioning_services,46.1331661,14.4127715,,,2026-09-04,OSM
13968930601,node,Kavčič,grocery,provisioning_services,46.0625019,14.1942277,,2026-06-26,2026-09-04,OSM
13981306186,node,Spar,grocery,provisioning_services,45.9747237,14.3058724,Mo-Sa 08:00-20:00,2026-06-30,2026-09-04,OSM
13995054565,node,Spar,grocery,provisioning_services,46.5026515,15.0882001,,,2026-09-04,OSM
14031431892,node,M-Orel,grocery,provisioning_services,45.9120972,14.2057358,Mo-Fr 07:00-19:00; Sa 07:00-13:00,,2026-09-04,OSM
14049843237,node,Tuš Supermarket,grocery,provisioning_services,46.2092184,14.6058089,,,2026-09-04,OSM
14056869487,node,Masala Supermarket - Največja indijska in južnoazijska trgovina v Sloveniji,grocery,provisioning_services,46.5594407,15.6463044,,2026-07-28,2026-09-04,OSM
14058786563,node,Mercator,grocery,provisioning_services,46.3547736,14.2918525,Mo-Sa 07:00-21:00; Su off,2026-07-29,2026-09-04,OSM
14080653882,node,Le La Mart,grocery,provisioning_services,46.5504112,15.6410661,,,2026-09-04,OSM
14092722589,node,Mercator,grocery,provisioning_services,45.701083,14.5906472,Mo-Sa 07:00-20:00,,2026-09-04,OSM
14095098054,node,Biotopic,grocery,provisioning_services,46.0389504,14.4766104,Mo-Sa 09:00-21:00,,2026-09-04,OSM
14100738131,node,Uran,grocery,provisioning_services,46.5557043,15.3233451,,,2026-09-04,OSM
14116069960,node,TUŠ Market Kea Ponikva,grocery,provisioning_services,46.2532382,15.4431987,Mo-Fr 07:00-19:00; Sa 07:00-15:00; Su off,,2026-09-04,OSM
14116069961,node,unnamed,grocery,provisioning_services,46.2535319,15.4456444,,,2026-09-04,OSM
14129575443,node,Balkan Shop,grocery,provisioning_services,46.057884,14.519705,,,2026-09-04,OSM
23057301,way,Tuš,grocery,provisioning_services,46.0651103,14.5528116,Mo-Sa 08:00-21:00,,2026-09-04,OSM
23057708,way,Dvorana A,grocery,provisioning_services,46.0666309,14.5427877,,,2026-09-04,OSM
23688173,way,Mercator,grocery,provisioning_services,46.0691115,14.4907544,Mo-Sa 07:00-21:00,2025-11-07,2026-09-04,OSM
23714464,way,Mercator,grocery,provisioning_services,46.0733203,14.4856575,Mo-Sa 07:00-22:00,,2026-09-04,OSM
29149243,way,Planet TUŠ,grocery,provisioning_services,46.2434381,15.2790503,,,2026-09-04,OSM
29149303,way,Mercator,grocery,provisioning_services,46.2461235,15.2718893,,,2026-09-04,OSM
33227094,way,E. Leclerc,grocery,provisioning_services,46.020184,14.5374813,Mo-Sa 08:00-21:00,,2026-09-04,OSM
36394647,way,Yuliya,grocery,provisioning_services,45.7809418,13.7003055,"May-Oct Mo-Su 12:00-21:00, Nov-Apr Mo-Su 12:00-19:00",,2026-09-04,OSM
38730870,way,Mercator,grocery,provisioning_services,46.0550074,14.5634115,,,2026-09-04,OSM
42229292,way,Mercator,grocery,provisioning_services,46.0482861,14.5442723,Mo-Sa 07:00-21:00,,2026-09-04,OSM
42762632,way,Mercator,grocery,provisioning_services,45.8457043,13.9609529,Mo-Sa 07:00-19:00,2026-04-27,2026-09-04,OSM
45403685,way,Tuš Market Zagorje,grocery,provisioning_services,46.128406,14.9945061,,,2026-09-04,OSM
48800728,way,Kompas Shop,grocery,provisioning_services,45.6224994,13.9041717,Mo-Sa 08:00-20:00; Su 09:00-19:00,2025-09-07,2026-09-04,OSM
56044387,way,Tuš,grocery,provisioning_services,46.5527823,15.4975094,,,2026-09-04,OSM
56670772,way,EuroSpin,grocery,provisioning_services,46.3414545,15.4172693,Mo-Sa 08:00-20:00,,2026-09-04,OSM
56670773,way,Lidl,grocery,provisioning_services,46.3410168,15.4181353,"Mo-Sa 08:00-20:00; Su, PH off",,2026-09-04,OSM
56684910,way,Mercator,grocery,provisioning_services,46.3417667,15.4289884,,,2026-09-04,OSM
56824825,way,Hofer,grocery,provisioning_services,46.3412381,15.435938,"Mo-Sa 08:00-20:00; Su, PH off",,2026-09-04,OSM
68093581,way,Mercator,grocery,provisioning_services,46.1829424,13.7286826,Mo-Sa 08:00-20:00,,2026-09-04,OSM
73230269,way,Tuš Radvanje,grocery,provisioning_services,46.5346861,15.6216737,,,2026-09-04,OSM
74399103,way,Mercator,grocery,provisioning_services,45.9596347,14.5259848,,,2026-09-04,OSM
81511765,way,Mercator,grocery,provisioning_services,46.080858,14.4786179,Mo-Sa 07:00-21:00,,2026-09-04,OSM
89304797,way,Lidl,grocery,provisioning_services,46.5272007,15.6725917,"Mo-Sa 08:00-21:00; Su, PH off",2025-04-25,2026-09-04,OSM
89597762,way,Hofer - Preradovičeva,grocery,provisioning_services,46.5532341,15.6298237,"Mo-Sa 08:00-21:00; Su, PH off",,2026-09-04,OSM
90111736,way,Hofer - Izola,grocery,provisioning_services,45.5314463,13.6647435,Mo-Sa 08:00-21:00; Su off,2025-09-12,2026-09-04,OSM
95985578,way,Lidl,grocery,provisioning_services,46.019297,14.5319068,Mo-Sa 08:00-21:00; Su 08:00-15:00,,2026-09-04,OSM
97660708,way,Hofer Vrhnika,grocery,provisioning_services,45.9755806,14.3067885,Mo-Sa 08:00-21:00; Su off,2026-06-09,2026-09-04,OSM
99364045,way,Tuš,grocery,provisioning_services,45.9386557,14.8055209,,,2026-09-04,OSM
106080714,way,Mercator,grocery,provisioning_services,46.5428573,15.6269174,Mo-Sa 07:00-21:00,,2026-09-04,OSM
108162923,way,Lidl,grocery,provisioning_services,46.5600094,15.6602352,Mo-Sa 08:00-20:30,2025-11-24,2026-09-04,OSM
111217812,way,Mercator,grocery,provisioning_services,46.0623073,14.5221827,Mo-Sa 08:00-20:00,,2026-09-04,OSM
112160327,way,TUŠ market,grocery,provisioning_services,46.053514,14.5447449,Mo-Fr 08:00-20:00; Sa 08:00-18:00,2022-05-27,2026-09-04,OSM
112603275,way,Hofer,grocery,provisioning_services,46.0563861,14.5417693,Mo-Sa 08:00-21:00,2025-02-22,2026-09-04,OSM
115597229,way,Spar,grocery,provisioning_services,46.0770071,14.4668521,Mo-Sa 08:00-20:00,,2026-09-04,OSM
117580492,way,Mercator,grocery,provisioning_services,46.0649818,14.5226108,Mo-Sa 07:00-21:00,2022-10-25,2026-09-04,OSM
118246559,way,Hofer,grocery,provisioning_services,45.5434179,13.7383334,Mo-Sa 08:00-21:00; Su 08:00-15:00,,2026-09-04,OSM
119016626,way,Mercator,grocery,provisioning_services,46.2429881,14.4188195,,,2026-09-04,OSM
119806001,way,Mercator,grocery,provisioning_services,46.2511654,14.4873104,,,2026-09-04,OSM
120459909,way,Jager,grocery,provisioning_services,46.5563049,16.4616599,Mo-Fr 07:00-20:00; Sa 07:00-19:00,2023-09-13,2026-09-04,OSM
120459911,way,Spar,grocery,provisioning_services,46.5605968,16.4519562,Mo-Sa 08:00-20:00,2023-09-11,2026-09-04,OSM
121153805,way,Mercator,grocery,provisioning_services,46.4992426,15.6467346,Mo-Sa 07:00-21:00,,2026-09-04,OSM
121153807,way,Hofer,grocery,provisioning_services,46.500984,15.649634,"Mo-Sa 08:00-21:00; Su, PH off",,2026-09-04,OSM
121262574,way,Mercator,grocery,provisioning_services,46.2733077,14.4184975,,,2026-09-04,OSM
121903379,way,Lidl,grocery,provisioning_services,46.190583,14.516922,,,2026-09-04,OSM
122107854,way,Tuš market Moste,grocery,provisioning_services,46.192516,14.5492957,Mo-Fr 07:30-20:00; Sa 07:30-17:00; Su 07:30-12:00,,2026-09-04,OSM
122122791,way,Trgovina Marija,grocery,provisioning_services,46.1948728,14.5475409,Mo-Fr 07:00-19:00; Sa 07:00-14:00,,2026-09-04,OSM
127456766,way,unnamed,grocery,provisioning_services,46.3947424,15.6608998,,,2026-09-04,OSM
128384407,way,Mercator,grocery,provisioning_services,45.9971309,13.525838,Mo-Sa 07:00-19:00,,2026-09-04,OSM
130796294,way,Lidl,grocery,provisioning_services,45.7712343,14.1978739,Mo-Sa 08:00-20:00,,2026-09-04,OSM
143763513,way,Mercator,grocery,provisioning_services,46.2251309,15.697722,,,2026-09-04,OSM
143867449,way,Mercator,grocery,provisioning_services,46.0670233,14.5363578,"Mo-Sa 08:00-21:00, Su 08:00-17:00",2023-05-18,2026-09-04,OSM
143867455,way,Lidl - Ljubljana - BTC,grocery,provisioning_services,46.0633797,14.5430643,Mo-Sa 08:00-21:00; Su 08:00-15:00,,2026-09-04,OSM
144110666,way,Tuš,grocery,provisioning_services,46.2344957,15.2809915,,,2026-09-04,OSM
144558766,way,Hofer,grocery,provisioning_services,46.0068922,15.2926244,Mo-Sa 08:00-20:00,,2026-09-04,OSM
144558776,way,Mercator,grocery,provisioning_services,46.0133863,15.2881697,,,2026-09-04,OSM
144558833,way,Tuš,grocery,provisioning_services,46.0128731,15.2891817,,,2026-09-04,OSM
152003589,way,unnamed,grocery,provisioning_services,46.5324053,15.6686338,,,2026-09-04,OSM
152003707,way,Mercator market Dana,grocery,provisioning_services,46.5372801,15.659485,Mo-Fr 08:00-19:00; Sa 08:00-13:00,,2026-09-04,OSM
153260245,way,Lidl,grocery,provisioning_services,45.8836036,13.9052235,"Mo-Sa 08:00-20:00; Su, PH off",,2026-09-04,OSM
153969007,way,Mercator,grocery,provisioning_services,46.0438122,14.5085282,Mo-Sa 07:00-21:00,2024-05-08,2026-09-04,OSM
154100399,way,Mercator,grocery,provisioning_services,46.5651816,15.6347343,"Mo-Fr 8:00-19:00, Sa 7:30-13:00",,2026-09-04,OSM
154104389,way,Mercator,grocery,provisioning_services,46.5618667,15.636707,"Mo-Sa 07:00-21:00; Su, PH off",,2026-09-04,OSM
154879029,way,Mercator market Lovec,grocery,provisioning_services,46.5417046,15.6296985,Mo-Fr 8:00-19:00; Sa 7:30-13:00,,2026-09-04,OSM
155785440,way,Čebelarska zveza Maribor,grocery,provisioning_services,46.5288519,15.6382996,,,2026-09-04,OSM
158078775,way,Mercator,grocery,provisioning_services,46.2460759,14.3540722,,,2026-09-04,OSM
158193276,way,Mercator,grocery,provisioning_services,46.080635,14.4730791,Mo-Sa 07:00-20:00,,2026-09-04,OSM
159128482,way,EuroSpin - Maribor - Pobrežje,grocery,provisioning_services,46.5468342,15.6776396,"Mo-Sa 08:00-20:00; Su, PH off",,2026-09-04,OSM
160034441,way,Tuš,grocery,provisioning_services,46.1366039,14.7410692,Mo-Fr 07:30-20:00; Sa 07:30-17:00; Su 08:00-12:00,,2026-09-04,OSM
161693293,way,Hofer,grocery,provisioning_services,46.5117863,15.0840385,Mo-Sa 08:00-20:00; Su off,,2026-09-04,OSM
162596029,way,Mercator,grocery,provisioning_services,46.5284752,15.6733264,Mo-Sa 07:00-21:00; Su off,2025-12-19,2026-09-04,OSM
163199145,way,Spar,grocery,provisioning_services,46.085509,14.4707496,Mo-Sa 08:00-20:00,,2026-09-04,OSM
163694883,way,Center Jager Melje,grocery,provisioning_services,46.5580719,15.6648722,Mo-Fr 07:00-20:00; Sa 07:00-19:00,2026-02-13,2026-09-04,OSM
165279728,way,Tuš market Brigita,grocery,provisioning_services,46.5216712,15.7058336,,,2026-09-04,OSM
165884032,way,Mercator,grocery,provisioning_services,45.9574467,14.6551196,,,2026-09-04,OSM
166790905,way,Tuš,grocery,provisioning_services,45.9574523,14.7430811,,,2026-09-04,OSM
167318751,way,Tuš,grocery,provisioning_services,46.5426228,15.5165046,,,2026-09-04,OSM
168432456,way,Lidl - Maribor - Tržaška,grocery,provisioning_services,46.5347154,15.6446101,Mo-Sa 08:00-21:00,,2026-09-04,OSM
168726461,way,Tuš,grocery,provisioning_services,45.7044558,13.860692,Mo-Sa 08:00-20:00,,2026-09-04,OSM
168892478,way,Hofer - Maribor - Vlahovičeva,grocery,provisioning_services,46.5465372,15.6736356,"Mo-Sa 08:00-21:00; Su, PH off",,2026-09-04,OSM
168892479,way,Lidl,grocery,provisioning_services,46.5474153,15.6756442,Mo-Sa 08:00-21:00; Su off,,2026-09-04,OSM
169960585,way,Mercator,grocery,provisioning_services,45.7070557,13.8676782,Mo-Fr 07:30-19:00; Sa 07:30-17:00,,2026-09-04,OSM
170230982,way,Spar,grocery,provisioning_services,46.4298266,15.8716718,,,2026-09-04,OSM
170604350,way,Mercator,grocery,provisioning_services,46.4268055,15.8734169,,,2026-09-04,OSM
170839501,way,Hofer - Maribor - Linhartova,grocery,provisioning_services,46.5486784,15.6498823,Mo-Sa 08:00-21:00; Su off,,2026-09-04,OSM
170857984,way,Tuš supermarket Rače,grocery,provisioning_services,46.4525643,15.6754032,,,2026-09-04,OSM
170857994,way,Hipermarket Spar Rače,grocery,provisioning_services,46.4527887,15.6718649,,,2026-09-04,OSM
170864867,way,Mercator,grocery,provisioning_services,46.4077579,15.8377879,,,2026-09-04,OSM
170864932,way,Hofer,grocery,provisioning_services,46.4081403,15.865011,Mo-Sa 08:00-20:00; Su off; PH off,,2026-09-04,OSM
170867909,way,Center Jager Kidričevo,grocery,provisioning_services,46.4035013,15.7991874,,,2026-09-04,OSM
170949587,way,Spar,grocery,provisioning_services,46.5493577,15.6423167,,,2026-09-04,OSM
171094833,way,Market Trniče,grocery,provisioning_services,46.4518723,15.7459657,,,2026-09-04,OSM
171417283,way,Market Gaj - Jaušovec,grocery,provisioning_services,46.3981731,15.6766761,,,2026-09-04,OSM
171921254,way,Merkator,grocery,provisioning_services,45.9816814,13.5164999,,,2026-09-04,OSM
172085308,way,Mercator,grocery,provisioning_services,46.0638929,14.5029478,,,2026-09-04,OSM
172088198,way,Hofer,grocery,provisioning_services,46.0622969,14.5087928,Mo-Sa 07:30-21:00,2025-02-22,2026-09-04,OSM
172113553,way,Mercator,grocery,provisioning_services,46.065557,14.5138431,"Mo-Sa 07:00-20:00; Su,PH off",,2026-09-04,OSM
172265262,way,Tuš,grocery,provisioning_services,46.3422227,15.4315009,,,2026-09-04,OSM
172525043,way,Hofer,grocery,provisioning_services,46.4166569,15.8785261,Mo-Sa 08:00-20:00; Su off,,2026-09-04,OSM
172822859,way,Travel-Free Gruškovje,grocery,provisioning_services,46.2755155,15.865768,,,2026-09-04,OSM
172926750,way,Lidl,grocery,provisioning_services,45.5423818,13.7362145,Mo-Sa 08:00-21:00; Su 08:00-15:00,,2026-09-04,OSM
173781576,way,Spar Ig,grocery,provisioning_services,45.9548405,14.5301441,,,2026-09-04,OSM
174003220,way,Mercator,grocery,provisioning_services,46.3985528,15.861078,,,2026-09-04,OSM
174003221,way,Mercator Kidričevo,grocery,provisioning_services,46.4028409,15.7976312,,,2026-09-04,OSM
174005666,way,Mercator,grocery,provisioning_services,46.4263497,15.8799259,,,2026-09-04,OSM
174099191,way,Hofer,grocery,provisioning_services,46.585978,15.6669285,Mo-Sa 08:00-21:00; Su off,,2026-09-04,OSM
174277825,way,Hofer - Ljubljana - Dolenjska,grocery,provisioning_services,46.0250744,14.5381048,Mo-Sa 08:00-21:00; Su 08:00-15:00,,2026-09-04,OSM
180563562,way,"Kalona Brodnik storitveno, Prodajna K.D.",grocery,provisioning_services,45.5114223,13.6599861,,,2026-09-04,OSM
181304027,way,Hofer,grocery,provisioning_services,46.0378163,14.4803183,Mo-Sa 08:00-21:00,,2026-09-04,OSM
181530588,way,Mercator,grocery,provisioning_services,46.0430128,14.5052209,Mo-Sa 07:00-21:00,,2026-09-04,OSM
183137790,way,Mercator,grocery,provisioning_services,46.0446723,14.4753611,Mo-Sa 08:00-21:00; Su 08:00-15:00,,2026-09-04,OSM
184567969,way,Center Karsika,grocery,provisioning_services,45.7059245,13.8670974,,,2026-09-04,OSM
187058737,way,Mercator,grocery,provisioning_services,46.0462246,14.518661,Mo-Sa 07:00-20:00,2023-05-18,2026-09-04,OSM
189817268,way,Mercator,grocery,provisioning_services,46.052618,13.6139962,,,2026-09-04,OSM
190079675,way,Mercator,grocery,provisioning_services,46.0393197,14.4729511,,2023-05-18,2026-09-04,OSM
191296438,way,Hofer,grocery,provisioning_services,46.3658271,15.0894027,,,2026-09-04,OSM
191472122,way,Hofer,grocery,provisioning_services,46.0476622,14.5244866,Mo-Sa 08:00-21:00; Su 08:00-15:00,,2026-09-04,OSM
191472125,way,Mercator,grocery,provisioning_services,46.0479931,14.5256272,,,2026-09-04,OSM
191541096,way,Spar,grocery,provisioning_services,46.0610873,14.5657749,,,2026-09-04,OSM
191545438,way,Hofer,grocery,provisioning_services,46.0710587,14.5234663,Mo-Sa 08:00-21:00; Su 08:00-15:00,2025-02-22,2026-09-04,OSM
192230725,way,MOL Shop,grocery,provisioning_services,46.0987341,14.4610864,,,2026-09-04,OSM
192230729,way,Petrol - Ljubljana - Celovška 226,grocery,provisioning_services,46.0819365,14.4796599,24/7,2025-11-10,2026-09-04,OSM
192427783,way,Petrol - Jesenice - Cesta železarjev,grocery,provisioning_services,46.4321719,14.0632762,Mo-Fr 06:00-22:00; Sa 07:00-22:15; Su 07:00-21:00,,2026-09-04,OSM
192558468,way,Petrol - Bohinjska Bistrica,grocery,provisioning_services,46.2779484,13.9515589,"Mo-Sa 06:00-21:00; Su,PH 07:00-13:00,13:50-20:00",,2026-09-04,OSM
192909769,way,Petrol - Škofljica - Pijava Gorica,grocery,provisioning_services,45.960132,14.5724533,Mo-Sa 06:00-21:00; Su 07:30-20:00,,2026-09-04,OSM
193043694,way,BS Štaloni,grocery,provisioning_services,46.0016984,13.5179072,Mo-Sa 06:00-24:00; Su 06:00-22:00,,2026-09-04,OSM
193088959,way,Petrol - Kozina Ac - Vzhod,grocery,provisioning_services,45.6049447,13.9287108,24/7,,2026-09-04,OSM
193236605,way,BS Ajdovščina - Vipavska,grocery,provisioning_services,45.882796,13.9109454,Mo-Su,,2026-09-04,OSM
193291534,way,Mercator,grocery,provisioning_services,45.5411047,13.7177982,Mo-Fr 07:00-19:00; Sa 08:00-13:00,,2026-09-04,OSM
193292092,way,Spar,grocery,provisioning_services,45.5389439,13.7275861,Mo-Sa 08:00-21:00,,2026-09-04,OSM
193292276,way,Tuš,grocery,provisioning_services,45.5379399,13.7278621,,,2026-09-04,OSM
193414089,way,Petrol - Miren,grocery,provisioning_services,45.8979438,13.6088753,Mo-Sa 07:00-21:00; Su 08:00-20:00,,2026-09-04,OSM
193414090,way,Petrol - Nova Gorica - Grčna,grocery,provisioning_services,45.9532217,13.6522759,"Mo-Fr 06:00-21:00; Sa 07:00-21:00; Su,PH 08:00-21:00",,2026-09-04,OSM
193414091,way,Petrol - Nova Gorica - Vojkova Vzhod,grocery,provisioning_services,45.9624934,13.6496388,Mo-Su 06:00-23:00,,2026-09-04,OSM
193414095,way,Petrol - Vrtojba Ac - jug,grocery,provisioning_services,45.9193023,13.6277073,Mo-Sa 06:00-24:00; Su 07:00-24:00,,2026-09-04,OSM
193414096,way,Petrol - Vrtojba Ac - sever,grocery,provisioning_services,45.9204842,13.6282986,24/7,,2026-09-04,OSM
194136849,way,Agraria,grocery,provisioning_services,45.5357242,13.7318211,,,2026-09-04,OSM
194140008,way,Mercator,grocery,provisioning_services,45.5405682,13.7098716,Mo-Sa 07:00-19:00,,2026-09-04,OSM
194164708,way,Petrol - Tepanje Ac - Vzhod,grocery,provisioning_services,46.3473555,15.4874619,24/7,,2026-09-04,OSM
194164712,way,Petrol - Tepanje Ac - Zahod,grocery,provisioning_services,46.3488625,15.4872185,24/7,,2026-09-04,OSM
194852822,way,MOL Shop,grocery,provisioning_services,45.510385,13.7070829,,,2026-09-04,OSM
195364714,way,Mercator,grocery,provisioning_services,46.0879415,14.4760168,Mo-Sa 08:00-21:00,,2026-09-04,OSM
196222002,way,Shell,grocery,provisioning_services,45.5007381,13.6103905,Mo-Su 06:00-22:00,,2026-09-04,OSM
196325354,way,MOL Komen,grocery,provisioning_services,45.8169192,13.7453613,Oct-Mar: Mo-Su 07:00-19:00; Apr-Sep: Mo-Su 07:00-20:00,,2026-09-04,OSM
196325356,way,MOL,grocery,provisioning_services,45.7558341,13.8360318,Oct-Mar Mo-Su 07:00-20:00; Apr-Sep Mo-Su 07:00-21:00,,2026-09-04,OSM
196325376,way,MOL - Štanjel,grocery,provisioning_services,45.818342,13.8440426,Oct-Mar: Mo-Su 07:00-19:00; Apr-Sep: Mo-Su 07:00-20:00,,2026-09-04,OSM
196526900,way,OMV - Rušei,grocery,provisioning_services,46.5497417,15.5379825,Mo-Su 05:00-22:00,,2026-09-04,OSM
196545564,way,Shell Select,grocery,provisioning_services,46.4307778,15.6270235,,,2026-09-04,OSM
200498989,way,Mercator,grocery,provisioning_services,46.0756951,14.4811712,Mo-Sa 07:00-22:00,,2026-09-04,OSM
201612929,way,Mercator,grocery,provisioning_services,46.5388426,15.511199,,2024-05-19,2026-09-04,OSM
202435570,way,unnamed,grocery,provisioning_services,46.5382526,15.5145872,,,2026-09-04,OSM
202435574,way,unnamed,grocery,provisioning_services,46.5381861,15.5151533,,,2026-09-04,OSM
203692504,way,Tuš Kea,grocery,provisioning_services,45.7271281,14.187888,"Mo-Sa 07:00-19:00; Su,PH closed",,2026-09-04,OSM
204837247,way,Spar,grocery,provisioning_services,46.0065877,15.3053125,,,2026-09-04,OSM
205487817,way,Lidl - Maribor - Koroška,grocery,provisioning_services,46.565526,15.6223629,Mo-Sa 08:00-21:00; Su off,,2026-09-04,OSM
205759085,way,Tuš Market Gokop,grocery,provisioning_services,46.6393879,15.6135478,Mo-Fr 07:00-19:00; Sa 07:00-18:00,,2026-09-04,OSM
205951797,way,Ta-Da,grocery,provisioning_services,46.6388638,15.6132168,,,2026-09-04,OSM
210034984,way,Travel shop,grocery,provisioning_services,46.6914609,15.641975,,,2026-09-04,OSM
210034986,way,Travel shop,grocery,provisioning_services,46.6911959,15.6416521,,,2026-09-04,OSM
210618280,way,Mercator - Market Urban,grocery,provisioning_services,46.5732431,15.6154005,Mo-Fr 07:30-19:00; Sa 07:30-13:00,,2026-09-04,OSM
219824147,way,Mercator,grocery,provisioning_services,45.9613882,14.2899984,,,2026-09-04,OSM
221951032,way,Spar,grocery,provisioning_services,46.6101539,16.2312301,Mo-Sa 08:00-20:00,,2026-09-04,OSM
224142015,way,Mercator,grocery,provisioning_services,45.9241107,14.2320152,,,2026-09-04,OSM
224655739,way,Mercator,grocery,provisioning_services,46.6081825,16.2337548,Mo-Fr 07:00-20:00; Sa 07:00-20:00,,2026-09-04,OSM
225323337,way,EuroSpin,grocery,provisioning_services,46.0539658,14.5557266,Mo-Sa 08:00-20:00; Su 08:00-13:00,,2026-09-04,OSM
225650410,way,Hofer,grocery,provisioning_services,46.0543636,14.567908,Mo-Sa 08:00-21:00; Su 08:00-15:00,,2026-09-04,OSM
225689395,way,Lidl,grocery,provisioning_services,46.3863913,15.5712129,Mo-Sa 08:00-21:00,,2026-09-04,OSM
225693463,way,Hofer,grocery,provisioning_services,46.3829395,15.5625864,Mo-Sa 08:00-20:00,,2026-09-04,OSM
228004064,way,Hofer,grocery,provisioning_services,46.046638,14.4621752,Mo-Sa 07:30-21:00,,2026-09-04,OSM
228445052,way,trgovina Krajec,grocery,provisioning_services,46.0571787,14.5743268,,,2026-09-04,OSM
229756616,way,Mercator,grocery,provisioning_services,46.0639069,14.5827281,,,2026-09-04,OSM
230054256,way,Mercator,grocery,provisioning_services,46.060637,14.6155838,Mo-Sa 07:00-20:00,,2026-09-04,OSM
230935799,way,Mercator center Šentjur,grocery,provisioning_services,46.2142151,15.398672,,,2026-09-04,OSM
231274190,way,Mercator,grocery,provisioning_services,46.0706275,14.5466721,,,2026-09-04,OSM
231526424,way,Mercator,grocery,provisioning_services,46.1396144,14.9609479,,,2026-09-04,OSM
231654129,way,Mercator,grocery,provisioning_services,46.0734345,14.4495853,,,2026-09-04,OSM
231867837,way,Mercator Tehnika in Gradnja,grocery,provisioning_services,46.5300898,16.1895955,Mo-Fr 07:00-19:00; Sa 07:00-17:00; Su off,,2026-09-04,OSM
231867840,way,Lidl,grocery,provisioning_services,46.5298586,16.188752,Mo-Sa 08:00-20:00,,2026-09-04,OSM
231876780,way,Spar,grocery,provisioning_services,46.5301537,16.1872283,,,2026-09-04,OSM
232511022,way,Ljubljanske mlekarne,grocery,provisioning_services,46.0778451,14.5057169,,,2026-09-04,OSM
235206024,way,unnamed,grocery,provisioning_services,45.7036116,13.8688071,,,2026-09-04,OSM
236775610,way,Trgovina Jager,grocery,provisioning_services,46.2442316,14.9527827,,,2026-09-04,OSM
236998729,way,Mercator,grocery,provisioning_services,46.0373643,14.4948893,Mo-Sa 08:00-22:00;,,2026-09-04,OSM
237030646,way,Mercator Podutik,grocery,provisioning_services,46.0780318,14.4540438,Mo-Fr 07:00-20:00; Sa 07:00-15:00,,2026-09-04,OSM
238213311,way,Hofer,grocery,provisioning_services,45.9359633,14.8050802,Mo-Sa 08:00-20:00; Su off,,2026-09-04,OSM
238321571,way,Mercator,grocery,provisioning_services,46.0660491,14.4923898,Mo-Sa 07:00-21:00,,2026-09-04,OSM
239206473,way,Spar,grocery,provisioning_services,45.5444342,13.7330887,Mo-Sa 07:00-20:00,,2026-09-04,OSM
239207308,way,EuroSpin,grocery,provisioning_services,45.5433962,13.7355679,Mo-Sa 08:00-21:00,,2026-09-04,OSM
239794973,way,DA-MI-GRO d.o.o,grocery,provisioning_services,46.5570765,15.623455,Mo-Sa 07:00-21:00; Su 08:00-13:00,,2026-09-04,OSM
239905149,way,Lidl,grocery,provisioning_services,45.7046758,13.8586836,Mo-Sa 08:00-21:00,,2026-09-04,OSM
241139412,way,Mercator,grocery,provisioning_services,46.6089777,15.6775941,,,2026-09-04,OSM
242322217,way,Mercator,grocery,provisioning_services,46.5053457,15.0880544,,,2026-09-04,OSM
244161716,way,Lidl,grocery,provisioning_services,46.2354891,15.2686943,Mo-Sa 08:00-21:00; Su 08:00-13:00,,2026-09-04,OSM
245059947,way,EuroSpin,grocery,provisioning_services,45.9302932,13.6367646,Mo-Sa 8:00-20:00; Su 8:00-13:00,,2026-09-04,OSM
245059950,way,Mercator,grocery,provisioning_services,45.9308041,13.6374746,Mo-Sa 07:00-19:00,,2026-09-04,OSM
245071620,way,Hofer,grocery,provisioning_services,45.9264996,13.6317052,Mo-Sa 08:00-21:00; Su 08:00-15:00,,2026-09-04,OSM
249502335,way,Spar,grocery,provisioning_services,46.1158573,14.4603047,Mo-Sa 08:00-20:00,,2026-09-04,OSM
249680165,way,Spar,grocery,provisioning_services,45.5303871,13.6528416,,,2026-09-04,OSM
251684868,way,Mercator,grocery,provisioning_services,46.1093001,14.4622229,,,2026-09-04,OSM
252795869,way,Eurospin,grocery,provisioning_services,46.0650719,15.1897568,,,2026-09-04,OSM
253986278,way,Hofer,grocery,provisioning_services,45.9434886,15.4880169,Mo-Sa 08:00-20:00,,2026-09-04,OSM
254139762,way,Hofer,grocery,provisioning_services,46.5801136,15.8377842,Mo-Sa 08:00-20:00; Su off,,2026-09-04,OSM
254139773,way,Mercator,grocery,provisioning_services,46.5835847,15.8408887,,,2026-09-04,OSM
254671001,way,Trgovina Jager,grocery,provisioning_services,46.3466514,15.7389973,,,2026-09-04,OSM
255773461,way,Lidl,grocery,provisioning_services,46.0479876,14.5471159,Mo-Sa 08:00-21:00,,2026-09-04,OSM
256186901,way,Market Cankova,grocery,provisioning_services,46.7182926,16.0203027,Mo-Fr 07:00-19:00; Sa 07:00-18:00; Su off,2026-05-14,2026-09-04,OSM
256625666,way,Kmetijski kombinat,grocery,provisioning_services,46.2727839,15.3900941,,,2026-09-04,OSM
257242733,way,Mercator,grocery,provisioning_services,46.6594772,16.1756902,,,2026-09-04,OSM
258298073,way,Bio Vera,grocery,provisioning_services,46.0349585,14.5217065,,2024-08-22,2026-09-04,OSM
261127448,way,Tuš Market,grocery,provisioning_services,46.3144274,15.5787664,,,2026-09-04,OSM
263840913,way,Mercator,grocery,provisioning_services,46.105052,14.4612595,,,2026-09-04,OSM
265058621,way,Travel Shop,grocery,provisioning_services,46.7066623,15.7858566,,2024-10-13,2026-09-04,OSM
265071905,way,Lidl - Celje - Novi trg,grocery,provisioning_services,46.2497866,15.2598034,"Mo-Sa 08:00-21:00; PH,Su off",,2026-09-04,OSM
265880356,way,Hofer,grocery,provisioning_services,46.6612129,16.0150025,Mo-Sa 08:00-20:00,,2026-09-04,OSM
266628817,way,Market Prušnikova,grocery,provisioning_services,46.0967936,14.4659103,,,2026-09-04,OSM
266900644,way,Mercator,grocery,provisioning_services,46.0950134,14.4681069,Mo-Sa 07:00-21:00,,2026-09-04,OSM
270004022,way,Mercator,grocery,provisioning_services,45.5016675,13.6048252,Mo-Sa 07:00-22:00; Su; PH closed,,2026-09-04,OSM
273329444,way,Interspar Velenje,grocery,provisioning_services,46.368965,15.1313399,,,2026-09-04,OSM
280206923,way,Lidl,grocery,provisioning_services,46.147413,14.6029071,Mo-Sa 08:00-21:00,,2026-09-04,OSM
280206930,way,TUŠ market,grocery,provisioning_services,46.1492529,14.5952405,,,2026-09-04,OSM
280226234,way,Mercator,grocery,provisioning_services,46.1699596,14.331706,,,2026-09-04,OSM
280264657,way,Spar,grocery,provisioning_services,46.1542826,15.2328299,,,2026-09-04,OSM
281804074,way,Hofer - Celje - Ljubljanska,grocery,provisioning_services,46.2384667,15.2434639,Mo-Sa 08:00-20:00,,2026-09-04,OSM
281804077,way,Hofer,grocery,provisioning_services,46.0184239,14.0291366,"Mo-Sa 08:00-20:00; Su, PH off",,2026-09-04,OSM
281804078,way,Hofer,grocery,provisioning_services,46.0572416,14.8197139,Mo-Sa 08:00-20:00,,2026-09-04,OSM
281804080,way,Hofer - Lavrica,grocery,provisioning_services,46.0001132,14.5559024,Mo-Sa 08:00-21:00,2025-11-19,2026-09-04,OSM
281804081,way,Hofer - Ljutomer,grocery,provisioning_services,46.5251067,16.1945878,Mo-Sa 08:00-20:00,,2026-09-04,OSM
281804082,way,Hofer,grocery,provisioning_services,46.3662257,14.1614698,Mo-Sa 08:00-21:00,,2026-09-04,OSM
281804083,way,Hofer,grocery,provisioning_services,45.8807447,13.9027812,"Mo-Sa 08:00-20:00; Su, PH off",,2026-09-04,OSM
282026234,way,Lidl,grocery,provisioning_services,45.9040556,15.6023288,"Mo-Sa 08:00-21:00; PH,Su off",,2026-09-04,OSM
282026235,way,Lidl,grocery,provisioning_services,46.668902,15.9972928,Mo-Sa 08:00-20:00,,2026-09-04,OSM
282026237,way,Lidl,grocery,provisioning_services,46.2096612,14.5993325,Mo-Sa 08:00-21:00,,2026-09-04,OSM
282026238,way,Lidl,grocery,provisioning_services,45.6479483,14.8532462,"Mo-Sa 08:00-20:00; Su, PH off",,2026-09-04,OSM
282026239,way,Lidl,grocery,provisioning_services,46.2435587,14.3770388,Mo-Sa 08:00-21:00; Su off,,2026-09-04,OSM
282026240,way,Lidl,grocery,provisioning_services,45.9372679,15.4839428,"Mo-Sa 08:00-20:00; Su, PH off",,2026-09-04,OSM
282026242,way,Lidl,grocery,provisioning_services,46.5595544,16.4493099,Mo-Sa 08:00-21:00; Su off,,2026-09-04,OSM
282026245,way,Lidl,grocery,provisioning_services,46.6657352,16.1763346,Mo-Sa 08:00-21:00; Su off,2026-03-05,2026-09-04,OSM
282026246,way,Lidl,grocery,provisioning_services,45.8159128,15.1534654,"Mo-Sa 08:00-21:00; Su, PH off",,2026-09-04,OSM
282026247,way,Lidl,grocery,provisioning_services,46.4174462,15.8824284,Mo-Sa 08:00-21:00; Su off,,2026-09-04,OSM
282026248,way,Lidl,grocery,provisioning_services,46.6137015,15.2077013,Mo-Sa 08:00-20:00,,2026-09-04,OSM
282026249,way,Lidl,grocery,provisioning_services,46.5446762,14.9464753,Mo-Sa 08:00-20:00,,2026-09-04,OSM
282026260,way,Lidl,grocery,provisioning_services,46.5046174,15.0894363,Mo-Sa 08:00-20:00,,2026-09-04,OSM
282026264,way,Lidl,grocery,provisioning_services,46.1449102,15.0386326,Mo-Sa 08:00-21:00,,2026-09-04,OSM
282026272,way,Lidl,grocery,provisioning_services,46.3606424,15.1059002,Mo-Sa 08:00-21:00; Su 08:00-13:00,,2026-09-04,OSM
282026274,way,Lidl,grocery,provisioning_services,45.9773959,14.3069231,Mo-Sa 08:00-21:00; Su off,2026-06-09,2026-09-04,OSM
282026276,way,Lidl,grocery,provisioning_services,45.5760241,15.1884947,Mo-Sa 08:00-20:00,,2026-09-04,OSM
282026279,way,Lidl,grocery,provisioning_services,46.2142364,15.3899815,Mo-Sa 08:00-20:00,,2026-09-04,OSM
282026280,way,Lidl,grocery,provisioning_services,46.1727528,14.3200998,"Mo-Sa 08:00-21:00; Su,PH off",,2026-09-04,OSM
282026281,way,Lidl,grocery,provisioning_services,46.2550181,15.1538483,Mo-Sa 08:00-21:00; Su 08:00-13:00,,2026-09-04,OSM
282213613,way,Hofer,grocery,provisioning_services,46.1750838,14.3203688,Mo-Sa 08:00-20:00; Su 08:00-15:00,,2026-09-04,OSM
282213615,way,Mercator,grocery,provisioning_services,45.9176367,15.5958573,,,2026-09-04,OSM
282347407,way,Hofer,grocery,provisioning_services,46.2548564,15.1510275,Mo-Sa 08:00-20:00; Su 08:00-15:00,,2026-09-04,OSM
289885013,way,Hofer - Brežice,grocery,provisioning_services,45.9108171,15.5973034,"Mo-Sa 08:00-21:00; Su, PH off",,2026-09-04,OSM
289885014,way,Hofer,grocery,provisioning_services,45.7903924,14.3660477,Mo-Sa 08:00-21:00,,2026-09-04,OSM
289885015,way,Hofer,grocery,provisioning_services,46.1481124,14.6117264,Mo-Sa 08:00-20:00; Su 08:00-15:00,,2026-09-04,OSM
289885016,way,Hofer,grocery,provisioning_services,45.9597414,14.647141,Mo-Sa 08:00-21:00; Su off,,2026-09-04,OSM
289885018,way,Hofer,grocery,provisioning_services,45.6493312,14.8529072,Mo-Sa 08:00-20:00,,2026-09-04,OSM
289885020,way,Hofer,grocery,provisioning_services,46.1359684,14.4176666,Mo-Sa 08:00-21:00; Su off,2026-06-27,2026-09-04,OSM
289885021,way,Hofer,grocery,provisioning_services,45.9541958,13.6570711,Mo-Sa 08:00-21:00; Su 08:00-15:00,,2026-09-04,OSM
289885022,way,Hofer,grocery,provisioning_services,45.8232574,15.1580283,"Mo-Sa 08:00-21:00; Su, PH off",,2026-09-04,OSM
289885023,way,Hofer - Rogaška Slatina,grocery,provisioning_services,46.253823,15.6165663,Mo-Sa 08:00-20:00,,2026-09-04,OSM
289885024,way,Hofer,grocery,provisioning_services,45.7041947,13.8575295,"Mo-Sa 08:00-20:00; Su,PH off",,2026-09-04,OSM
289885025,way,Hofer - Trbovlje,grocery,provisioning_services,46.1400524,15.0357221,Mo-Sa 08:00-20:00,,2026-09-04,OSM
289885026,way,Hofer,grocery,provisioning_services,45.9070209,15.0252907,Mo-Sa 08:00-20:00,,2026-09-04,OSM
289885030,way,unnamed,grocery,provisioning_services,45.7896484,14.3680348,,,2026-09-04,OSM
289906321,way,EuroSpin,grocery,provisioning_services,46.5455414,14.9303802,Mo-Sa 08:00-20:00,2025-08-11,2026-09-04,OSM
289906323,way,EuroSpin,grocery,provisioning_services,46.1820009,13.7273392,Mo-Sa 08:00-20:00,,2026-09-04,OSM
289906324,way,Hofer,grocery,provisioning_services,46.667196,16.1783967,,,2026-09-04,OSM
292396023,way,Hofer,grocery,provisioning_services,46.6148473,15.2074498,Mo-Sa 08:00-20:00,,2026-09-04,OSM
292876415,way,Mercator,grocery,provisioning_services,46.0474645,14.4532938,Mo-Sa 07:00-20:00,,2026-09-04,OSM
293284467,way,TUŠ Market Kea,grocery,provisioning_services,46.5719463,16.3417503,Mo-Fr 07:00-19:00; Sa 07:00-17:00,,2026-09-04,OSM
294248038,way,Hofer,grocery,provisioning_services,46.0895811,14.4762508,Mo-Sa 08:00-21:00,,2026-09-04,OSM
295128484,way,Mercator,grocery,provisioning_services,46.5770353,15.8304245,,,2026-09-04,OSM
295701425,way,Mercator Narcisa Veržej,grocery,provisioning_services,46.5803592,16.1637024,Mo-Sa 07:00-19:00; Su off,2026-04-24,2026-09-04,OSM
296090682,way,Hofer,grocery,provisioning_services,46.5553587,16.4487294,Mo-Sa 08:00-20:00,2026-04-25,2026-09-04,OSM
297004293,way,Mercator,grocery,provisioning_services,46.5685104,16.2941295,Mo-Fr 07:00-20:00; Sa 07:00-18:00; Su off,2026-02-06,2026-09-04,OSM
298050419,way,Market Gala Metlika,grocery,provisioning_services,45.6457381,15.3174328,"Mo-Sa 06:30-21:00; Su, PH off",,2026-09-04,OSM
298050420,way,Market TUŠ Metlika,grocery,provisioning_services,45.6381736,15.3215446,Mo-Fr 07:00-20:00; Sa 07:00-18:00; Su off,,2026-09-04,OSM
298181275,way,Mercator,grocery,provisioning_services,45.8474879,15.3377553,,,2026-09-04,OSM
298201499,way,Hofer Črnomelj,grocery,provisioning_services,45.5810846,15.197587,Mo-Sa 08:00-20:00,,2026-09-04,OSM
298201502,way,Spar Črnomelj,grocery,provisioning_services,45.5819066,15.198472,"Mo-Sa 08:00-20:00; Su, PH off",,2026-09-04,OSM
299040208,way,Mercator,grocery,provisioning_services,46.6605716,16.1546493,,,2026-09-04,OSM
299082749,way,Mercator,grocery,provisioning_services,46.5430388,14.947615,"Mo-Sa 08:00-21:00; Su, PH off",,2026-09-04,OSM
299230106,way,Mercator,grocery,provisioning_services,46.6553119,16.1630029,Mo-Fr 07:00-18:00; Sa 07:00-13:00,2026-03-11,2026-09-04,OSM
299262463,way,Spar,grocery,provisioning_services,46.6598661,16.1653646,Mo-Fr 07:00-19:00; Sa 07:00-13:00,,2026-09-04,OSM
299869409,way,TUŠ Market,grocery,provisioning_services,46.6354682,16.2960158,Mo-Fr 07:00-18:00; Sa 07:00-15:00; Su off,2025-11-21,2026-09-04,OSM
303709836,way,Spar,grocery,provisioning_services,45.6849835,14.1972953,"Mo 08:00-21:00; Tu-Fr 08:00-20:00; Sa 08:00-21:00; Su, PH off",,2026-09-04,OSM
304905851,way,Mercator,grocery,provisioning_services,46.5544149,16.4127856,Mo-Fr 07:00-18:00; Sa 07:00-12:00,,2026-09-04,OSM
305132370,way,Mercator,grocery,provisioning_services,46.0801661,14.5359519,,,2026-09-04,OSM
305694955,way,Tuš Hipermarket,grocery,provisioning_services,46.6444494,16.1672004,Mo-Sa 08:00-20:00,2023-07-24,2026-09-04,OSM
308431284,way,Mercator,grocery,provisioning_services,45.8511407,13.5837256,Mo-Fr 08:00-18:00; Sa 07:30-12:30; PH off,,2026-09-04,OSM
309044997,way,Mercator,grocery,provisioning_services,46.6703028,16.1832064,,,2026-09-04,OSM
310084684,way,Mercator,grocery,provisioning_services,46.1028908,14.5306348,Mo-Sa 07:00-22:00,2023-07-22,2026-09-04,OSM
310570689,way,Hofer,grocery,provisioning_services,45.9139213,14.2232878,"Mo-Sa 08:00-20:00; Su,PH off",2023-10-28,2026-09-04,OSM
314248343,way,TUŠ,grocery,provisioning_services,46.5237222,16.1946481,,,2026-09-04,OSM
314752738,way,Mercator Podpeč,grocery,provisioning_services,45.9738521,14.4201409,Mo-Sa 07:00-20:00,,2026-09-04,OSM
314867435,way,Tuš,grocery,provisioning_services,46.1567885,14.5696196,Mo-Sa 08:00-20:00,,2026-09-04,OSM
315726125,way,Mercator,grocery,provisioning_services,46.1294459,14.5586198,,,2026-09-04,OSM
316041088,way,Spar,grocery,provisioning_services,46.169023,14.3186667,,,2026-09-04,OSM
316206585,way,Mercator,grocery,provisioning_services,46.1268706,14.4978347,,,2026-09-04,OSM
316255720,way,Mercator,grocery,provisioning_services,46.6513905,16.3499166,,,2026-09-04,OSM
316312962,way,Mercator,grocery,provisioning_services,46.1375257,14.4331795,,,2026-09-04,OSM
316738859,way,Merkator Nova Vas,grocery,provisioning_services,45.7728968,14.5065001,,,2026-09-04,OSM
317001289,way,Jager Klub,grocery,provisioning_services,46.416303,15.9989096,,,2026-09-04,OSM
317003535,way,Mercator,grocery,provisioning_services,46.4088724,16.1615137,,,2026-09-04,OSM
317003769,way,Hofer,grocery,provisioning_services,46.4115982,16.1644735,,,2026-09-04,OSM
317847060,way,Lidl,grocery,provisioning_services,46.0633036,14.5071654,Mo-Sa 08:00-21:00; Su off,,2026-09-04,OSM
318204686,way,Mercator,grocery,provisioning_services,46.569216,16.0238066,Mo-Sa 07:00-20:00; Su off,,2026-09-04,OSM
318593615,way,Tuš,grocery,provisioning_services,46.1399672,14.5988123,,,2026-09-04,OSM
318600225,way,Kitajsko skladišče,grocery,provisioning_services,46.1396511,14.5976658,Mo-Sa 09:00-19:30; PH Su 09:00-14:00,,2026-09-04,OSM
318602164,way,Hong Kong,grocery,provisioning_services,46.1378814,14.6006604,Mo-Sa 09:00-21:00; Su 08:00-17:00,,2026-09-04,OSM
318602591,way,Mercator,grocery,provisioning_services,46.1370364,14.6007558,,,2026-09-04,OSM
318916610,way,Spar,grocery,provisioning_services,46.0440317,14.4559373,Mo-Sa 07:30-20:00,,2026-09-04,OSM
320445640,way,Mercator,grocery,provisioning_services,46.5184677,16.2007799,,,2026-09-04,OSM
320636609,way,Hofer,grocery,provisioning_services,46.0813984,14.4810999,,,2026-09-04,OSM
320950272,way,Mercator,grocery,provisioning_services,46.0884411,14.6405531,,,2026-09-04,OSM
320984319,way,Mercator,grocery,provisioning_services,46.0952891,14.6791654,Mo-Sa 07:00-21:00,,2026-09-04,OSM
321017800,way,Mercator,grocery,provisioning_services,46.2731784,14.3167011,,,2026-09-04,OSM
321983507,way,Spar,grocery,provisioning_services,46.0473702,14.5438307,Mo-Sa 08:00-20:00,,2026-09-04,OSM
322559867,way,Hofer,grocery,provisioning_services,46.2336416,15.2974497,,,2026-09-04,OSM
322857365,way,Tuš Center,grocery,provisioning_services,46.2400349,15.6308587,,,2026-09-04,OSM
322899647,way,Mercator,grocery,provisioning_services,45.9621658,14.6447835,,,2026-09-04,OSM
322899648,way,Spar,grocery,provisioning_services,45.9602204,14.645573,,,2026-09-04,OSM
324172354,way,Mercator,grocery,provisioning_services,46.0501062,14.5919422,,,2026-09-04,OSM
324264111,way,Mercator,grocery,provisioning_services,46.0404343,14.5959598,,,2026-09-04,OSM
324775146,way,Mercator,grocery,provisioning_services,46.1512001,15.5977478,,,2026-09-04,OSM
325695205,way,Spar,grocery,provisioning_services,46.064713,15.1864891,,,2026-09-04,OSM
325738981,way,Mercator,grocery,provisioning_services,46.4427602,14.0344351,Mo-Sa 08:00-21:00,,2026-09-04,OSM
326193217,way,Spar,grocery,provisioning_services,46.1423409,15.084475,,,2026-09-04,OSM
326915618,way,TUŠ,grocery,provisioning_services,46.2807092,15.0763429,,,2026-09-04,OSM
328318272,way,Tuš,grocery,provisioning_services,45.9521417,14.6616249,,,2026-09-04,OSM
328468963,way,Tuš market Črnomelj,grocery,provisioning_services,45.5789422,15.1874562,"Mo-Sa 0800-20:00; Su, PH off",,2026-09-04,OSM
328816762,way,Mercator,grocery,provisioning_services,46.8063994,16.0348567,Mo-Fr 07:00-19:00; Sa 07:00-18:00; Su off,2026-05-14,2026-09-04,OSM
328941039,way,Mercator,grocery,provisioning_services,46.6429924,16.0401683,,,2026-09-04,OSM
329109661,way,Tovarna nogavic Polzela,grocery,provisioning_services,46.2722922,15.0826249,,,2026-09-04,OSM
329433942,way,Jager,grocery,provisioning_services,46.6233147,16.3175503,Mo-Fr 07:00-20:00; Sa 07:00-19:00; Su off,2025-07-23,2026-09-04,OSM
329957243,way,Mercator,grocery,provisioning_services,46.1577652,14.3694611,,,2026-09-04,OSM
329974275,way,Kmetijska zadruga Medvode,grocery,provisioning_services,46.1392905,14.4107249,"Mo-Fr 07:00-19:00; Sa 07:00-13:00; PH,Su off",,2026-09-04,OSM
330375976,way,Mercator,grocery,provisioning_services,46.1719097,14.322882,,,2026-09-04,OSM
330660257,way,Spar,grocery,provisioning_services,46.2578462,15.1158327,,,2026-09-04,OSM
331021573,way,Spar Market Videm,grocery,provisioning_services,45.8488488,14.6943501,,,2026-09-04,OSM
331704743,way,TUŠ,grocery,provisioning_services,45.9962787,14.4075058,"Mo-Fr 08:00-20:00, Su 08:00-17:00, Sa 08:00-13:00",,2026-09-04,OSM
331749304,way,Eurospin,grocery,provisioning_services,46.0214802,14.4152703,08:00-20:00,,2026-09-04,OSM
331792834,way,Mercator,grocery,provisioning_services,45.907815,15.2917476,,,2026-09-04,OSM
331807229,way,Mercator,grocery,provisioning_services,45.9317477,15.3209893,Mo-Fr 08:00-15:30; Sa 07:00-12:00,,2026-09-04,OSM
332188784,way,Mlinotest,grocery,provisioning_services,45.9121871,14.5437973,,,2026-09-04,OSM
332211597,way,Klasek,grocery,provisioning_services,46.5534653,15.5805851,,,2026-09-04,OSM
332494793,way,Lidl,grocery,provisioning_services,46.0853602,14.5066171,,,2026-09-04,OSM
332494796,way,Hofer,grocery,provisioning_services,46.0846614,14.5065927,Mo-Sa 08:00-21:00; Su 08:00-15:00,2025-02-22,2026-09-04,OSM
332614754,way,Mercator,grocery,provisioning_services,46.5610981,16.1406522,,,2026-09-04,OSM
332961101,way,Mercator,grocery,provisioning_services,46.6847244,16.2180428,Mo-Sa 07:00-20:00,,2026-09-04,OSM
333363191,way,Tuš market Ajda,grocery,provisioning_services,46.1566782,14.9294576,Mo-Fr 07:00-19:30; Sa 07:00-12:00; Su 08:00-12:00,,2026-09-04,OSM
334174830,way,Mercator,grocery,provisioning_services,46.0444514,14.8430948,,,2026-09-04,OSM
334465422,way,Jata Trgovina,grocery,provisioning_services,46.0757986,14.5843319,,,2026-09-04,OSM
334604659,way,Mercator,grocery,provisioning_services,46.1393177,14.5935627,Mo-Sa 07:00-21:00,,2026-09-04,OSM
334761725,way,Tuš market,grocery,provisioning_services,45.9754542,14.6134209,,,2026-09-04,OSM
338086579,way,TUŠ Supermarket Gornja Radgona,grocery,provisioning_services,46.6696254,15.9954914,,,2026-09-04,OSM
339429256,way,Mercator,grocery,provisioning_services,46.6532168,16.0950058,,,2026-09-04,OSM
340011453,way,Spar,grocery,provisioning_services,46.0582114,14.833158,,,2026-09-04,OSM
340012320,way,KGZ Litija - Mercator,grocery,provisioning_services,46.0593941,14.8343736,,,2026-09-04,OSM
340173969,way,Mercator,grocery,provisioning_services,46.0081175,14.4127302,,,2026-09-04,OSM
340390225,way,TUŠ Market KZ Lenart,grocery,provisioning_services,46.5828104,15.8432477,,,2026-09-04,OSM
340398187,way,Mercator,grocery,provisioning_services,46.5816894,15.8380778,,,2026-09-04,OSM
340677636,way,Hofer,grocery,provisioning_services,46.2302023,14.3688172,,,2026-09-04,OSM
340682780,way,Mercator,grocery,provisioning_services,46.2428979,14.3788226,,,2026-09-04,OSM
342012870,way,Mercator,grocery,provisioning_services,46.2790816,15.0760717,,,2026-09-04,OSM
342350830,way,TUŠ Market Lipovci,grocery,provisioning_services,46.6257036,16.22604,,,2026-09-04,OSM
345729144,way,Jager,grocery,provisioning_services,46.6427154,16.0350418,,,2026-09-04,OSM
349789183,way,Jager,grocery,provisioning_services,46.5836072,16.282491,,,2026-09-04,OSM
349913371,way,Kea Šentjur,grocery,provisioning_services,46.2236176,15.3956745,,,2026-09-04,OSM
350643998,way,Mercator,grocery,provisioning_services,46.5311638,16.4560701,,,2026-09-04,OSM
351233377,way,Hungarikum Market,grocery,provisioning_services,46.5553451,16.4613761,Mo-Fr 06:30-19:00; Sa 06:30-15:00;,,2026-09-04,OSM
351419984,way,Trgovina Sirček,grocery,provisioning_services,46.5278779,16.192756,,,2026-09-04,OSM
352467072,way,Spar,grocery,provisioning_services,46.2152854,15.3864481,,,2026-09-04,OSM
352526819,way,Mercator,grocery,provisioning_services,46.34164,14.1782525,,,2026-09-04,OSM
353029634,way,Spar,grocery,provisioning_services,46.5110171,15.6930422,"Mo-Sa 08:00-20:00; Su, PH off",,2026-09-04,OSM
355308867,way,Mercator,grocery,provisioning_services,46.641217,16.0425659,,,2026-09-04,OSM
355493299,way,Mercator,grocery,provisioning_services,46.2652763,14.3548294,Mo-Sa 07:00-21:00; Su off,,2026-09-04,OSM
358540675,way,Tuš Lesce,grocery,provisioning_services,46.3619911,14.1555885,Mo-Sa 08:00-20:00,,2026-09-04,OSM
358553907,way,Lidl,grocery,provisioning_services,46.3669023,14.1588485,Mo-Sa 08:00-21:00,,2026-09-04,OSM
358663303,way,Mercator,grocery,provisioning_services,45.5368964,13.6603593,"Mo-Sa 07:00-21:00, Su 08:00-21:00",2024-06-29,2026-09-04,OSM
359408216,way,Spar,grocery,provisioning_services,45.8818526,13.9034524,Mo-Sa 08:00-20:00,,2026-09-04,OSM
359688575,way,Mercator,grocery,provisioning_services,46.1421901,14.4091386,,,2026-09-04,OSM
362118618,way,TUŠ Market,grocery,provisioning_services,45.9986198,15.4783366,,,2026-09-04,OSM
363362531,way,Jager,grocery,provisioning_services,46.2238694,15.7021566,,,2026-09-04,OSM
364429560,way,Mercator,grocery,provisioning_services,46.2391152,15.3830239,,,2026-09-04,OSM
365233179,way,TUŠ Market,grocery,provisioning_services,45.8333893,14.9341114,,,2026-09-04,OSM
367202373,way,Trgovina z mešanim blagom,grocery,provisioning_services,46.0223821,14.5037389,,,2026-09-04,OSM
368146408,way,Mercator,grocery,provisioning_services,46.0812503,14.5196546,07:00-21:00,,2026-09-04,OSM
369762533,way,Tuš - Litija,grocery,provisioning_services,46.0566678,14.8222259,,,2026-09-04,OSM
370312308,way,unnamed,grocery,provisioning_services,46.0745553,15.5600728,,,2026-09-04,OSM
370312439,way,Jager,grocery,provisioning_services,46.0726631,15.5606198,Mo-Fr 07:00-20:00; Sa 07:00-19:00,,2026-09-04,OSM
371524159,way,Jager,grocery,provisioning_services,46.2642395,15.5302543,,,2026-09-04,OSM
371634327,way,Jager,grocery,provisioning_services,46.2606171,15.5911688,,,2026-09-04,OSM
372280620,way,EuroSpin,grocery,provisioning_services,45.6479425,14.8549394,,,2026-09-04,OSM
372280644,way,Spar,grocery,provisioning_services,45.6499431,14.8542013,Mo-Sa 08:00-20:00; Su off,,2026-09-04,OSM
372305584,way,Tuš,grocery,provisioning_services,45.6553067,14.8485341,,,2026-09-04,OSM
372336345,way,Spar,grocery,provisioning_services,45.7357243,14.7327305,,,2026-09-04,OSM
372548766,way,TUŠ,grocery,provisioning_services,45.632453,14.865782,,,2026-09-04,OSM
373279262,way,Mercator,grocery,provisioning_services,46.4102976,16.0124774,,,2026-09-04,OSM
373805285,way,Jager,grocery,provisioning_services,46.2309461,15.5659422,,,2026-09-04,OSM
373874779,way,Jager,grocery,provisioning_services,46.5376748,15.6043584,,,2026-09-04,OSM
373967141,way,Jager,grocery,provisioning_services,46.2298678,15.5196822,,,2026-09-04,OSM
374028614,way,Mercator,grocery,provisioning_services,46.2310299,15.5282778,,,2026-09-04,OSM
374029740,way,Hoby vse za mizarje,grocery,provisioning_services,46.2288585,15.5125425,,,2026-09-04,OSM
374033311,way,Tuš supermarket,grocery,provisioning_services,46.2285041,15.5107845,,,2026-09-04,OSM
374063100,way,Spar,grocery,provisioning_services,46.2311293,15.5269837,,,2026-09-04,OSM
374473258,way,Jager,grocery,provisioning_services,46.2437061,15.6264481,,,2026-09-04,OSM
374518711,way,Mercator,grocery,provisioning_services,46.2407187,15.6269351,"pon.-pet. 7-19; sob. 7-13,ned. 8-12",,2026-09-04,OSM
374541819,way,Spar,grocery,provisioning_services,46.2246172,15.641743,,,2026-09-04,OSM
374584198,way,Jager,grocery,provisioning_services,46.233437,15.5626757,"Mo-Sa 07:00-20:00; Su, PH off",,2026-09-04,OSM
374772329,way,Jager prodajni center,grocery,provisioning_services,46.2311898,15.6519595,,,2026-09-04,OSM
375701314,way,Mercator,grocery,provisioning_services,46.2518924,15.2459912,"Mo-Sa 07:00-19:00; PH,Su off",,2026-09-04,OSM
375826190,way,Spar,grocery,provisioning_services,46.1335975,14.5640823,"Mo-Sa 08:00-20:00; PH,Su 08:00-12:00",,2026-09-04,OSM
375831697,way,Spar,grocery,provisioning_services,45.5735576,14.2373673,Mo-Sa 08:00-20:00; Su off,,2026-09-04,OSM
375837040,way,Supermarket Spar Metlika,grocery,provisioning_services,45.6490788,15.3088371,"Mo-Sa 08:00-20:00; Su, PH off",,2026-09-04,OSM
375839086,way,Spar,grocery,provisioning_services,46.546627,14.9631602,,,2026-09-04,OSM
375844649,way,Spar,grocery,provisioning_services,46.5470439,14.921676,Mo-Sa 08:00-20:00; Su off,2024-09-19,2026-09-04,OSM
375855017,way,Mercator,grocery,provisioning_services,46.5485349,14.9210793,,,2026-09-04,OSM
376630074,way,Kloter,grocery,provisioning_services,45.6893662,14.1967037,,,2026-09-04,OSM
376723700,way,Mercator,grocery,provisioning_services,45.681193,14.194966,,,2026-09-04,OSM
377486827,way,Mercator,grocery,provisioning_services,46.2519262,14.3573058,Mo-Sa 07:00-21:00,,2026-09-04,OSM
377652110,way,TUŠ,grocery,provisioning_services,46.1506632,14.6275624,,,2026-09-04,OSM
378384014,way,Spar,grocery,provisioning_services,46.5889045,15.026224,,,2026-09-04,OSM
378687318,way,Spar,grocery,provisioning_services,45.9067138,15.0191042,,,2026-09-04,OSM
378687469,way,unnamed,grocery,provisioning_services,45.9066756,15.0194804,,,2026-09-04,OSM
378704394,way,Mercator,grocery,provisioning_services,45.9065205,15.0227851,,,2026-09-04,OSM
378708456,way,Mercator,grocery,provisioning_services,45.9074107,15.0139507,,,2026-09-04,OSM
382226634,way,Spar,grocery,provisioning_services,45.8141904,15.1545242,,,2026-09-04,OSM
383467630,way,Hofer,grocery,provisioning_services,45.7693562,14.1973367,Mo-Sa 08:00-20:00,,2026-09-04,OSM
384856585,way,Mercator,grocery,provisioning_services,45.5707208,14.2342694,,,2026-09-04,OSM
387003972,way,Spar,grocery,provisioning_services,46.279261,15.3017919,,,2026-09-04,OSM
390265906,way,Mercator,grocery,provisioning_services,46.4144022,15.6362735,,,2026-09-04,OSM
393234086,way,Lidl,grocery,provisioning_services,46.548716,15.6220516,"Mo-Sa 8:00-21:00; Su, PH off",,2026-09-04,OSM
396507665,way,Mercator,grocery,provisioning_services,46.5497769,16.2122617,,,2026-09-04,OSM
397741667,way,Mercator,grocery,provisioning_services,46.4853781,15.9675861,,,2026-09-04,OSM
400525850,way,Mercator,grocery,provisioning_services,46.0088781,14.3711437,Mo-Fr 07:00-19:00; Sa 07:00-14:00,,2026-09-04,OSM
400588420,way,Jager,grocery,provisioning_services,46.520189,15.8877589,,,2026-09-04,OSM
401683752,way,Jager,grocery,provisioning_services,46.3973259,15.6547649,,,2026-09-04,OSM
403295703,way,Hofer,grocery,provisioning_services,46.2370948,15.2717742,Mo-Sa 08:00-21:00,,2026-09-04,OSM
403351443,way,EuroSpin,grocery,provisioning_services,46.1722806,14.3247805,Mo-Sa 08:00-20:00; Su off,,2026-09-04,OSM
406043457,way,Jager Ljutomer,grocery,provisioning_services,46.5142476,16.2037726,Mo-Fr 07:00-20:00; Sa 13:00-20:00; Su off,,2026-09-04,OSM
408967278,way,Mercator,grocery,provisioning_services,45.9078198,13.7777698,,,2026-09-04,OSM
409618178,way,EuroSpin,grocery,provisioning_services,45.8837179,13.9108513,,,2026-09-04,OSM
410162397,way,unnamed,grocery,provisioning_services,46.1731599,14.2947159,,,2026-09-04,OSM
414467050,way,TUŠ Kramberger,grocery,provisioning_services,46.579021,15.7271736,,,2026-09-04,OSM
415255920,way,Tuš,grocery,provisioning_services,45.7680871,14.214924,Mo-Sa 07:00-20:00,,2026-09-04,OSM
415816124,way,EuroSpin,grocery,provisioning_services,45.7717838,14.1985254,,,2026-09-04,OSM
421159942,way,EuroSpin,grocery,provisioning_services,45.9551533,14.6635862,,,2026-09-04,OSM
423894843,way,Mercator,grocery,provisioning_services,45.9254794,13.6349332,Mo-Sa 08:00-20:00,,2026-09-04,OSM
424252541,way,Spar Partner Goričanka,grocery,provisioning_services,46.7836922,16.1629594,Mo-Fr 07:30-18:00; Sa 08:00-13:00,2023-11-05,2026-09-04,OSM
427176519,way,EuroSpin,grocery,provisioning_services,46.366655,14.1610465,Mo-Sa 08:00-20:00,,2026-09-04,OSM
427695406,way,Trgovina Kruhek,grocery,provisioning_services,46.2289927,14.6271165,,,2026-09-04,OSM
436232182,way,Spar,grocery,provisioning_services,46.2724005,14.3096267,,,2026-09-04,OSM
437242623,way,Trgovina Wolf,grocery,provisioning_services,46.7480965,16.0341027,,,2026-09-04,OSM
440980314,way,EuroSpin,grocery,provisioning_services,45.7058132,13.8571932,"Mo-Sa 08:00-21:00; Su,PH off",,2026-09-04,OSM
442150127,way,unnamed,grocery,provisioning_services,46.6896639,15.6430284,,,2026-09-04,OSM
444285994,way,Trgovina Antolič,grocery,provisioning_services,46.4981256,16.1570228,,,2026-09-04,OSM
444421227,way,Hofer,grocery,provisioning_services,46.2458702,14.3778828,Mo-Sa 08:00-21:00; Su off,,2026-09-04,OSM
445862109,way,Mercator,grocery,provisioning_services,46.2342671,14.3454332,Mo-Fr 07:00-19:00; Sa 07:00-15:00,,2026-09-04,OSM
448932141,way,EuroSpin,grocery,provisioning_services,46.3217711,14.9472462,,,2026-09-04,OSM
454431201,way,Tuš,grocery,provisioning_services,45.9188592,15.592095,,,2026-09-04,OSM
454534208,way,Mercator,grocery,provisioning_services,45.9584806,15.4920029,,,2026-09-04,OSM
454565774,way,TUŠ market,grocery,provisioning_services,46.1588558,14.6047526,,,2026-09-04,OSM
459449911,way,Market,grocery,provisioning_services,46.3272751,15.4805279,,,2026-09-04,OSM
462188203,way,Mercator,grocery,provisioning_services,46.3576494,15.1147113,,,2026-09-04,OSM
462709679,way,Spar,grocery,provisioning_services,46.6515776,15.9256887,,,2026-09-04,OSM
463085590,way,Mercator,grocery,provisioning_services,46.4384682,16.2440501,,,2026-09-04,OSM
464109166,way,Mercator,grocery,provisioning_services,46.0660673,15.1814948,,,2026-09-04,OSM
465103747,way,Hofer,grocery,provisioning_services,46.3701277,15.1321103,,,2026-09-04,OSM
472045181,way,Mercator,grocery,provisioning_services,46.328238,15.0326771,Mo-Sa 07:00-20:00,,2026-09-04,OSM
472339932,way,Hofer,grocery,provisioning_services,46.3407438,14.9700833,,2026-08-13,2026-09-04,OSM
472345889,way,TUŠ,grocery,provisioning_services,46.3407464,14.9680168,,,2026-09-04,OSM
478989230,way,Spar,grocery,provisioning_services,46.1498646,15.0455549,Mo-Fr 08:00-20:00; Sa 08:00-20:00,,2026-09-04,OSM
479141866,way,Trgovina Mercator,grocery,provisioning_services,46.2212253,14.3359277,Mo-Fr 07:00-19:00; Sa 8:00-13:00,,2026-09-04,OSM
482906498,way,Spar,grocery,provisioning_services,46.7984416,16.0369042,Mo-Fr 07:30-18:00; Sa 08:00-13:00; Su off,,2026-09-04,OSM
482967389,way,Mercator,grocery,provisioning_services,46.2350779,15.2507042,,,2026-09-04,OSM
483599348,way,Mercator,grocery,provisioning_services,46.2417846,15.263443,,,2026-09-04,OSM
484162853,way,Supermarket Tuš Nova vas,grocery,provisioning_services,46.2453525,15.2622454,"Mo-Sa 07:00-20:00; PH,Su off",,2026-09-04,OSM
484997332,way,Mercator,grocery,provisioning_services,45.800198,15.1579381,,,2026-09-04,OSM
485282759,way,KZ Krka,grocery,provisioning_services,45.7996572,15.1821349,,,2026-09-04,OSM
485622950,way,Mercator,grocery,provisioning_services,46.6979319,15.909141,,,2026-09-04,OSM
486099990,way,Mercator,grocery,provisioning_services,46.0778239,14.519428,07:00-20:00,,2026-09-04,OSM
486188495,way,Mercator,grocery,provisioning_services,46.2434184,15.2525708,,,2026-09-04,OSM
487626575,way,Mercator,grocery,provisioning_services,45.7399556,14.7272289,,,2026-09-04,OSM
487954238,way,Mini Market Mercator,grocery,provisioning_services,45.5260204,13.6121255,Mo-Sa 07:30-20:00; Su off,2026-07-20,2026-09-04,OSM
488222715,way,Mlinotest,grocery,provisioning_services,45.6516506,14.1788576,,,2026-09-04,OSM
489763494,way,Mercator,grocery,provisioning_services,46.2510357,15.2759949,,,2026-09-04,OSM
489796532,way,Market,grocery,provisioning_services,46.4376965,15.7293259,,,2026-09-04,OSM
491150548,way,Mercator,grocery,provisioning_services,46.3391089,14.959485,,,2026-09-04,OSM
492585150,way,Mercator,grocery,provisioning_services,46.1564534,15.2320023,,,2026-09-04,OSM
493329953,way,Fama Market Žužek Knežak,grocery,provisioning_services,45.6248044,14.2450747,Mo-Fr 07:30-18:00; Sa 08:00-12:00; PH off,,2026-09-04,OSM
493461274,way,Mercator,grocery,provisioning_services,45.9048368,13.6766843,Mo-Fr 07:00-19:00; Sa 07:00-13:00,,2026-09-04,OSM
495897281,way,Mercator - Market Črna na Koroškem,grocery,provisioning_services,46.4752675,14.8513906,"Mo-Sa 07:00-20:00; Su, PH off",,2026-09-04,OSM
498394304,way,Spar Tezno,grocery,provisioning_services,46.5321638,15.6684633,Mo-Sa 08:00-20:00,2025-12-08,2026-09-04,OSM
499640125,way,EuroSpin,grocery,provisioning_services,45.6085521,13.9340632,,,2026-09-04,OSM
500540655,way,Mercator,grocery,provisioning_services,46.1518865,13.7430925,,,2026-09-04,OSM
501465667,way,Fama Market Soča,grocery,provisioning_services,46.34219,13.6663916,Mo-Sa 08:00-12:00; Mo-Fr 16:00-19:00,2026-07-29,2026-09-04,OSM
504509066,way,Spar,grocery,provisioning_services,45.8433003,15.3405037,,,2026-09-04,OSM
510343816,way,Mercator,grocery,provisioning_services,46.3758964,15.8003321,,,2026-09-04,OSM
512269520,way,Lidl,grocery,provisioning_services,45.9636774,14.6375908,,,2026-09-04,OSM
512601456,way,Kava Bar in trgovina,grocery,provisioning_services,46.6996089,15.8310288,,,2026-09-04,OSM
513508656,way,Mercator,grocery,provisioning_services,46.236066,15.0930795,,,2026-09-04,OSM
515341751,way,Mercator,grocery,provisioning_services,46.3493581,14.0668534,Mo-Fr 07:00-15:00; Sa 07:00-13:00,,2026-09-04,OSM
516315836,way,Supernova Nova Gorica,grocery,provisioning_services,45.9599133,13.6385835,Mo-Fr 09:00-21:00; Sa 08:00-21:00,,2026-09-04,OSM
519770585,way,Pri Frančku,grocery,provisioning_services,46.3801436,15.7516738,,,2026-09-04,OSM
520042748,way,Tuš supermarket Muta,grocery,provisioning_services,46.6038267,15.1632622,Mo-Sa 08:00-20:00,,2026-09-04,OSM
520055376,way,Mercator,grocery,provisioning_services,46.550898,15.4917575,,,2026-09-04,OSM
520055385,way,unnamed,grocery,provisioning_services,46.5839758,15.3897365,,,2026-09-04,OSM
523256118,way,TUŠ,grocery,provisioning_services,46.3960797,16.2678478,,,2026-09-04,OSM
528202793,way,Mercator,grocery,provisioning_services,45.7741985,14.211039,,,2026-09-04,OSM
531479952,way,Mercator,grocery,provisioning_services,46.5700278,16.234194,,,2026-09-04,OSM
536720425,way,Market,grocery,provisioning_services,46.8076637,16.1332186,,,2026-09-04,OSM
536956760,way,Hofer,grocery,provisioning_services,45.7364119,14.729424,,,2026-09-04,OSM
539449445,way,Lidl,grocery,provisioning_services,46.0566705,14.5431345,Mo-Sa 08:00-21:00; Su 09:00-15:00,,2026-09-04,OSM
548188216,way,Jager,grocery,provisioning_services,46.6977732,15.7419216,,,2026-09-04,OSM
549876043,way,Mercator,grocery,provisioning_services,46.2530731,15.1614409,,,2026-09-04,OSM
550167167,way,Tuš,grocery,provisioning_services,46.2561565,15.1601738,Mo-Sa 07:00-21:00; Su 07:00-15:00,,2026-09-04,OSM
562567994,way,Mercator Market Zreče,grocery,provisioning_services,46.3692379,15.3901831,,,2026-09-04,OSM
562876484,way,Spar,grocery,provisioning_services,46.3664631,15.3930928,,,2026-09-04,OSM
573166001,way,TUŠ,grocery,provisioning_services,46.0146788,15.692367,,,2026-09-04,OSM
575063774,way,EuroSpin,grocery,provisioning_services,45.5748928,14.2330782,,,2026-09-04,OSM
579441821,way,TUŠ,grocery,provisioning_services,46.162629,15.2277146,,,2026-09-04,OSM
583676520,way,Mercator,grocery,provisioning_services,46.3696515,14.1173746,Mo-Sa 07:00-21:30,,2026-09-04,OSM
585216291,way,Mercator,grocery,provisioning_services,45.800375,15.1740667,Mo-Sa 07:00-22:00,,2026-09-04,OSM
585444865,way,Mlinček,grocery,provisioning_services,45.9304446,13.6397281,Mo-Sa 06:00-19:00; Su 8:00-17:00,,2026-09-04,OSM
585477110,way,Mercator,grocery,provisioning_services,46.3622103,15.8693219,Mo-Fr 07:30-18:00; Sa 07:30-12:00,,2026-09-04,OSM
597576546,way,Mercator,grocery,provisioning_services,46.387957,15.9592172,,,2026-09-04,OSM
600965648,way,Regal Shop,grocery,provisioning_services,45.4923143,14.202872,,,2026-09-04,OSM
617194278,way,Mercator,grocery,provisioning_services,45.5248024,13.8313616,,,2026-09-04,OSM
617833555,way,Mercator,grocery,provisioning_services,45.9295219,13.6415159,,,2026-09-04,OSM
620949271,way,Trgovina Janja,grocery,provisioning_services,46.2176561,14.3339611,Mo-Fr 07:30-16:00; Sa 7:30-14:00; Su 8:00-11:00,,2026-09-04,OSM
624191859,way,Hofer,grocery,provisioning_services,46.5765465,15.0265918,Mo-Sa 08:00-20:00,,2026-09-04,OSM
628952600,way,Lidl,grocery,provisioning_services,46.4989396,15.650033,Mo-Sa 08:00-21:00,,2026-09-04,OSM
662203674,way,Market Jakobski Dol,grocery,provisioning_services,46.6282978,15.7342989,,,2026-09-04,OSM
669792990,way,Mercator,grocery,provisioning_services,45.6490278,15.3076007,,,2026-09-04,OSM
673392256,way,Spar,grocery,provisioning_services,45.9567878,15.496222,,,2026-09-04,OSM
688975839,way,Mercator,grocery,provisioning_services,45.5673137,15.1884058,Mo-Sa 07:00-21:00,,2026-09-04,OSM
699202247,way,Market Dušak,grocery,provisioning_services,45.884787,15.5206456,,,2026-09-04,OSM
705939479,way,Mercator,grocery,provisioning_services,46.4261131,15.612092,,,2026-09-04,OSM
705939480,way,Market Polskava,grocery,provisioning_services,46.4263324,15.6109026,Mo-Fr 07:30-19:00; Sa 07:30-15:00; Su 07:30-12:00; PH 07:30-12:00,,2026-09-04,OSM
706864208,way,Mercator,grocery,provisioning_services,46.0211836,14.3017041,,,2026-09-04,OSM
715145393,way,Mercator,grocery,provisioning_services,45.6486705,14.5518117,Mo-Fr 07:00-19:00; Sa 07:00 - 12:00,,2026-09-04,OSM
724004155,way,Hofer,grocery,provisioning_services,46.2372318,14.4131323,Mo-Sa 08:00-21:00,,2026-09-04,OSM
724678092,way,Mercator,grocery,provisioning_services,46.0015776,14.025712,,,2026-09-04,OSM
725005112,way,EuroSpin,grocery,provisioning_services,46.0222079,14.0297359,,,2026-09-04,OSM
733610432,way,Tuš,grocery,provisioning_services,45.9643285,15.485667,,,2026-09-04,OSM
734997140,way,Mercator,grocery,provisioning_services,45.9375955,15.4858816,,,2026-09-04,OSM
739658136,way,Tuš market Komen,grocery,provisioning_services,45.81679,13.7444981,"Mo-Fr 07:00-20:00, Sa 07:00-18:00; PH off",,2026-09-04,OSM
744498144,way,Jager,grocery,provisioning_services,45.9548857,15.4982022,,,2026-09-04,OSM
744498644,way,Market Resa,grocery,provisioning_services,45.9587246,15.4989306,,,2026-09-04,OSM
759935968,way,"Engrotuš podjetje za trgovino, d.d.",grocery,provisioning_services,46.5144757,15.0785603,,,2026-09-04,OSM
759935969,way,EuroSpin,grocery,provisioning_services,46.5156348,15.0805771,,,2026-09-04,OSM
760182741,way,Lidl,grocery,provisioning_services,45.9067267,15.0206086,,,2026-09-04,OSM
764558847,way,Hofer,grocery,provisioning_services,45.5763089,14.2290196,Mo-Sa 08:00-20:00; Su off,2025-09-13,2026-09-04,OSM
766738243,way,Trgovina ob Krki,grocery,provisioning_services,46.8445765,16.2220444,,,2026-09-04,OSM
771409612,way,Trgovina Spar,grocery,provisioning_services,46.6453992,16.0322289,,,2026-09-04,OSM
772770025,way,Spar,grocery,provisioning_services,45.9197797,14.3671048,Mo-Sa 07:00-20:00,,2026-09-04,OSM
772803290,way,EuroSpin,grocery,provisioning_services,46.0459624,14.4609854,,,2026-09-04,OSM
781537576,way,Hofer,grocery,provisioning_services,46.5446403,14.9350275,Mo-Sa 08:00-20:00,,2026-09-04,OSM
795641037,way,Mercator center Kočevje,grocery,provisioning_services,45.6432358,14.8574751,,,2026-09-04,OSM
797934910,way,Trgovina Hofer,grocery,provisioning_services,45.5312365,13.7280098,Mo-Sa 08:00-21:00,,2026-09-04,OSM
797969940,way,Hofer,grocery,provisioning_services,46.1812968,13.7293311,Mo-Sa 08:00-21:00,,2026-09-04,OSM
797983562,way,Hofer - Brezovica,grocery,provisioning_services,46.0271015,14.435286,"Mo-Sa 08:00-21:00; Su,PH off",2026-06-30,2026-09-04,OSM
802090971,way,Mercator,grocery,provisioning_services,46.5750608,15.8767616,,,2026-09-04,OSM
808581950,way,Market Hrana,grocery,provisioning_services,46.4074533,16.1437832,Mo-Fr 07:00-15:30; Sa 07:30-12:00,2025-10-14,2026-09-04,OSM
810221363,way,Lidl,grocery,provisioning_services,46.0763199,14.5201164,,,2026-09-04,OSM
815678953,way,Lidl,grocery,provisioning_services,46.0140436,15.292618,,,2026-09-04,OSM
815821591,way,Trgovina Lipa,grocery,provisioning_services,46.4532125,15.6385252,Mo-Fr 7:00-19:00; Sa 7:00-18:00; Su 8:00-11:30,,2026-09-04,OSM
818972596,way,EuroSpin,grocery,provisioning_services,45.9080559,15.6020192,,,2026-09-04,OSM
824314676,way,TUŠ market,grocery,provisioning_services,46.3839433,15.4478526,,,2026-09-04,OSM
834150589,way,tuš,grocery,provisioning_services,46.1459231,15.0463237,,,2026-09-04,OSM
838651061,way,Hipermarket Spar Lenart,grocery,provisioning_services,46.5832346,15.8375841,Mo-Sa 08:00-20:00; Su off,2026-05-04,2026-09-04,OSM
840991657,way,Hofer,grocery,provisioning_services,46.2292211,15.5011258,Mo-Sa 08:00-20:00,,2026-09-04,OSM
842326702,way,Spar,grocery,provisioning_services,45.9143904,14.2225411,"Mo-Sa 08:00-20:00; Su,PH off",2023-10-28,2026-09-04,OSM
854908260,way,Mercator,grocery,provisioning_services,45.9712296,13.6462131,,,2026-09-04,OSM
855385213,way,unnamed,grocery,provisioning_services,45.9417791,13.6393814,,,2026-09-04,OSM
857819776,way,Mercator,grocery,provisioning_services,45.8875728,13.7378665,"Mo-Sa 07:00-19:00; Su, PH off",,2026-09-04,OSM
863485483,way,Spar,grocery,provisioning_services,46.0117572,15.474903,,,2026-09-04,OSM
863585968,way,Trgovina z živili,grocery,provisioning_services,46.6061235,15.1193784,Mo-Fr 08:00-18:00; Sa 08:00-13:00,,2026-09-04,OSM
865589023,way,Lidl,grocery,provisioning_services,45.9415243,13.6384882,,,2026-09-04,OSM
865589026,way,MOL Rožna Dolina,grocery,provisioning_services,45.9404695,13.6401403,,,2026-09-04,OSM
867672928,way,Tuš Market Lilo,grocery,provisioning_services,46.529499,15.08222,Mo-Fr 07:30-19:00; Sa 07:30-13:00; Su 07:30-11:00,,2026-09-04,OSM
869045950,way,Trgovina Zvezda,grocery,provisioning_services,46.6079812,15.6481934,Mo-Fr 07:00-19:00; Sa 07:00-17:00; Su 08:00-12:00,,2026-09-04,OSM
881232952,way,Tuš Market,grocery,provisioning_services,45.6463537,15.3176672,Mo-Sa 07:00-20:00,,2026-09-04,OSM
881622292,way,Lidl,grocery,provisioning_services,46.5514494,15.6511167,,,2026-09-04,OSM
886409529,way,Hofer,grocery,provisioning_services,46.2144262,15.3890507,Mo-Sa 08:00-20:00,,2026-09-04,OSM
886441732,way,Jager,grocery,provisioning_services,46.2076728,15.392489,,,2026-09-04,OSM
888868364,way,Zadružni nakupovalni center,grocery,provisioning_services,45.8147472,15.1485811,,,2026-09-04,OSM
893194601,way,Tuš,grocery,provisioning_services,46.6773938,15.6518992,Mo-Sa 07:00-20:00,,2026-09-04,OSM
901577991,way,Mercator,grocery,provisioning_services,46.0953475,14.5844033,,,2026-09-04,OSM
908415168,way,unnamed,grocery,provisioning_services,46.3816911,15.2953991,,,2026-09-04,OSM
911286741,way,Spina,grocery,provisioning_services,46.1512843,14.656396,,,2026-09-04,OSM
921821896,way,Lidl,grocery,provisioning_services,46.4121467,16.1627914,,,2026-09-04,OSM
934908490,way,Mercator,grocery,provisioning_services,46.4577038,16.2135739,,,2026-09-04,OSM
936488926,way,EuroSpin,grocery,provisioning_services,45.9109476,15.0263553,,,2026-09-04,OSM
942977152,way,M Orel,grocery,provisioning_services,46.0189633,14.2746558,"Mo-Fr 07:00-19:00; Sa 08:00-13:00; Su,PH off",,2026-09-04,OSM
945414795,way,Mercator,grocery,provisioning_services,46.2566407,15.1175143,,,2026-09-04,OSM
945591237,way,Trgovina Rimljan,grocery,provisioning_services,46.2559641,15.1220942,Mo-Fr 06:30-19:00; Sa-Su 07:30-11:30,,2026-09-04,OSM
947440834,way,Hofer,grocery,provisioning_services,46.6792858,15.6526173,,,2026-09-04,OSM
974037631,way,Mercator,grocery,provisioning_services,45.9298944,15.3790802,,,2026-09-04,OSM
975421521,way,Tuš,grocery,provisioning_services,46.5228049,14.8539979,Mo-Fr 08:00-20:00; Sa 08:00-18:00,2024-07-18,2026-09-04,OSM
1007023995,way,Tuš Logatec,grocery,provisioning_services,45.9192682,14.2296197,,,2026-09-04,OSM
1014917600,way,EuroSpin,grocery,provisioning_services,46.4110282,16.1610773,Mo-Sa 08:00-20:00,,2026-09-04,OSM
1018896988,way,Spar,grocery,provisioning_services,46.125027,13.9824636,,,2026-09-04,OSM
1019026316,way,EuroSpin,grocery,provisioning_services,45.5065457,13.616179,Mo-Sa 08:00-21:00,2023-07-22,2026-09-04,OSM
1029283492,way,Tuš,grocery,provisioning_services,46.3621711,15.1056286,,,2026-09-04,OSM
1033107266,way,Hofer,grocery,provisioning_services,45.7985539,15.1796137,Mo-Sa 08:00-20:00,,2026-09-04,OSM
1042620789,way,Mercator,grocery,provisioning_services,46.3675238,15.0817314,,,2026-09-04,OSM
1047623249,way,Mercator,grocery,provisioning_services,46.3962952,16.2703452,,,2026-09-04,OSM
1052604012,way,Ekogrünt,grocery,provisioning_services,46.5102821,16.2281278,Mo-Fr 09:00-17:00; Sa 07:45-13:00,,2026-09-04,OSM
1062162092,way,Trgovina Ježek,grocery,provisioning_services,45.5756499,14.7988144,,,2026-09-04,OSM
1063339935,way,Hofer,grocery,provisioning_services,46.053465,14.5886948,Mo-Sa 08:00-21:00; PH off,2026-06-30,2026-09-04,OSM
1073302410,way,Lidl,grocery,provisioning_services,45.5721693,14.2372146,,,2026-09-04,OSM
1075942621,way,Mercator,grocery,provisioning_services,45.8085057,14.9675023,,,2026-09-04,OSM
1084400787,way,Suenkel m,grocery,provisioning_services,46.5494787,16.4496106,,,2026-09-04,OSM
1086303043,way,Mercator-Dolinčanka,grocery,provisioning_services,46.5380899,16.5036464,,,2026-09-04,OSM
1087580005,way,Spar,grocery,provisioning_services,45.800028,15.1518983,,,2026-09-04,OSM
1091388608,way,Spar-Ivančna Gorica,grocery,provisioning_services,45.9374928,14.8044015,,,2026-09-04,OSM
1092149014,way,Lidl,grocery,provisioning_services,46.5848866,15.8391193,,,2026-09-04,OSM
1093599403,way,Mercator,grocery,provisioning_services,45.7618125,14.6375443,"Mo-Fr 07:00-19:00; Sa 07:00-14:00; Su, PH off",,2026-09-04,OSM
1095316315,way,Hofer,grocery,provisioning_services,46.1992336,14.5950637,Mo-Fr 07:00-19:00; Sa 07:00-15:00; Su 07:30-12:00,2026-01-08,2026-09-04,OSM
1095425307,way,Jager-Selnica,grocery,provisioning_services,46.5486967,15.4834457,,,2026-09-04,OSM
1097096320,way,Tuš Supermarket,grocery,provisioning_services,46.2907078,15.3013879,,,2026-09-04,OSM
1097114374,way,Supermarket Jager Hoče,grocery,provisioning_services,46.5013946,15.6594022,Mo-Sa 07:00-20:00,2026-05-09,2026-09-04,OSM
1101326033,way,EuroSpin,grocery,provisioning_services,45.7953403,15.1814732,,,2026-09-04,OSM
1103883360,way,EuroSpin,grocery,provisioning_services,45.9150893,14.2215096,Mo-Sa 08:00-20:00,,2026-09-04,OSM
1122908687,way,Mercator,grocery,provisioning_services,46.341099,15.4246842,,,2026-09-04,OSM
1148308051,way,EuroSpin,grocery,provisioning_services,46.6695211,15.9997243,,,2026-09-04,OSM
1148650471,way,Supermarket Jager Duplek,grocery,provisioning_services,46.5009027,15.749466,Mo-Fr 07:00-20:00; Sa 07:00-19:00; Su off,,2026-09-04,OSM
1149947469,way,Jager,grocery,provisioning_services,46.2525787,15.0932619,,,2026-09-04,OSM
1164122723,way,Mercator,grocery,provisioning_services,46.0243854,14.4244707,Mo-Sa 08:00-21:00,,2026-09-04,OSM
1180965386,way,EuroSpin,grocery,provisioning_services,46.6627675,16.1480102,Mo-Sa 08:00-20:00,2023-11-26,2026-09-04,OSM
1182815492,way,Pri Froncu,grocery,provisioning_services,45.939651,14.6761706,,,2026-09-04,OSM
1189962791,way,Hofer,grocery,provisioning_services,46.5408306,15.5204307,,,2026-09-04,OSM
1192151677,way,Spar,grocery,provisioning_services,46.3317217,13.5407681,Mo-Sa 08:00-20:00,,2026-09-04,OSM
1194504788,way,Lidl,grocery,provisioning_services,45.7399365,14.7319391,,,2026-09-04,OSM
1194962209,way,Kea Luče,grocery,provisioning_services,46.3560991,14.7441758,"Mo-Fr 07:00-19:00, Sa 07:00-15:00",,2026-09-04,OSM
1198231497,way,Tuš,grocery,provisioning_services,46.5433422,14.9115223,,,2026-09-04,OSM
1204387548,way,Petrol - Ljubno ob Savinji,grocery,provisioning_services,46.3377725,14.8386984,Mo-Fr 06:00-20:00; Sa 07:00-19:00; Su 08:00-16:00,,2026-09-04,OSM
1220961739,way,Pekarna Brumat d.o.o. - Trgovina Grgar,grocery,provisioning_services,45.9987409,13.6725197,Mo-Fr 07:00-19:00; Sa 07:00-18:00,,2026-09-04,OSM
1226725791,way,Trgovina Volče,grocery,provisioning_services,46.1762068,13.7082464,"Mo,We 08:00-14:00; Tu,Th 08:00-12:00; Fr 08:00-13:30; PH off",,2026-09-04,OSM
1226784332,way,Mercator,grocery,provisioning_services,46.1351993,14.7444216,,,2026-09-04,OSM
1227618760,way,Trgovina na drobno,grocery,provisioning_services,46.1377109,14.7159804,,,2026-09-04,OSM
1229545631,way,Mercator,grocery,provisioning_services,46.0476688,14.4822565,Mo-Sa 07:00-21:00,,2026-09-04,OSM
1237633560,way,Mercator,grocery,provisioning_services,46.3745003,14.1980356,,,2026-09-04,OSM
1238664384,way,Mercator,grocery,provisioning_services,46.3639334,14.1943666,,,2026-09-04,OSM
1239019317,way,Krona Market,grocery,provisioning_services,46.3288339,14.2329771,,,2026-09-04,OSM
1240777688,way,Mercator,grocery,provisioning_services,46.3951838,14.1544798,,,2026-09-04,OSM
1243030947,way,Petrol - Hrušica (I-J),grocery,provisioning_services,46.4403626,14.0268882,24/7,,2026-09-04,OSM
1243030986,way,Petrol - Hrušica (II-S),grocery,provisioning_services,46.4409718,14.0286436,24/7,,2026-09-04,OSM
1243031164,way,Hofer,grocery,provisioning_services,46.441259,14.0350995,Mo-Sa 08:00-20:00; Su 8:00-15:00,,2026-09-04,OSM
1243306424,way,unnamed,grocery,provisioning_services,46.2302333,15.5238405,,,2026-09-04,OSM
1245657562,way,EuroSpin,grocery,provisioning_services,46.4306055,14.063814,,,2026-09-04,OSM
1245657589,way,Lidl,grocery,provisioning_services,46.4310191,14.0629103,Mo-Sa 08:00-21:00; Su 08:00-13:00,,2026-09-04,OSM
1246471288,way,Spar partner Orehek,grocery,provisioning_services,46.4843663,13.8323118,"Mo-Fr 07:00-20:00; Sa 07:00-18:00; Su,PH 07:00-14:00",,2026-09-04,OSM
1246471511,way,Mini market Jezerci,grocery,provisioning_services,46.4844314,13.8378575,Mo-Sa 07:00-19:00; Su 08:00-12:00,,2026-09-04,OSM
1251514416,way,Mercator,grocery,provisioning_services,46.2627778,13.4282941,,,2026-09-04,OSM
1253423442,way,Tošč,grocery,provisioning_services,45.823525,13.8438025,Mo 7:00-12:00; Tu-Sa 7:00-17:00,,2026-09-04,OSM
1254612266,way,Market Golob,grocery,provisioning_services,46.6945557,15.8104241,,,2026-09-04,OSM
1262855305,way,Košarica,grocery,provisioning_services,46.287047,15.1880273,,,2026-09-04,OSM
1271571891,way,Spar partner Turopolje,grocery,provisioning_services,46.6556062,16.1549232,Mo-Fr 07:00-19:00; Sa 07:00-13:00; Su off,2025-08-26,2026-09-04,OSM
1272049004,way,Hofer,grocery,provisioning_services,46.6484596,16.147619,,,2026-09-04,OSM
1272380129,way,Mercator,grocery,provisioning_services,46.3596321,14.3017447,,,2026-09-04,OSM
1272380255,way,Hofer,grocery,provisioning_services,46.3583849,14.298747,Mo-Sa 08:00-20:00,,2026-09-04,OSM
1272380268,way,Spar,grocery,provisioning_services,46.3578301,14.2979116,,,2026-09-04,OSM
1272381276,way,Merkur,grocery,provisioning_services,46.3598718,14.3015476,,,2026-09-04,OSM
1272495748,way,Lidl,grocery,provisioning_services,46.3529541,14.2918804,Mo-Sa 08:00-20:00,,2026-09-04,OSM
1278419899,way,Mercator,grocery,provisioning_services,46.3389889,13.5544859,Mo-Sa 07:00-20:00,,2026-09-04,OSM
1278774861,way,unnamed,grocery,provisioning_services,46.4607208,13.9385836,,,2026-09-04,OSM
1279643026,way,Mercator,grocery,provisioning_services,46.3935047,14.4983214,"Mo-Sa 07:00-19:00; Su,PH off",,2026-09-04,OSM
1282551946,way,unnamed,grocery,provisioning_services,45.7486066,13.8629479,,,2026-09-04,OSM
1285436660,way,Tuš market Reka,grocery,provisioning_services,46.4898208,15.6139337,Mo-Fr 07:00-20:00; Sa 07:00-17:00; Su 08:00-12:00,2025-05-09,2026-09-04,OSM
1286650571,way,Mercator,grocery,provisioning_services,46.2968893,13.9253862,Mo-Fr 07:00-19:00; Sa 07:00-13:00,,2026-09-04,OSM
1290141573,way,Mercator,grocery,provisioning_services,46.3854588,14.0770666,Mo-Fr 07:00-19:00; Sa 07:00-13:00,,2026-09-04,OSM
1290258970,way,Mercator,grocery,provisioning_services,45.8612468,13.7855394,,,2026-09-04,OSM
1292913673,way,Spar,grocery,provisioning_services,46.3710475,14.1160998,Mo-Sa 07:00-21:00 open,,2026-09-04,OSM
1297716004,way,Spar,grocery,provisioning_services,46.2471141,14.4847028,,,2026-09-04,OSM
1298209135,way,Trgovina Princ,grocery,provisioning_services,46.230811,14.5171368,,,2026-09-04,OSM
1299991277,way,Mercator Hipermarket Ljubljana Rudnik,grocery,provisioning_services,46.0218936,14.5358285,Mo-Fr 09:00-21:00; Sa 08:00-21:00; Su 09:00-15:00,2026-08-22,2026-09-04,OSM
1300967363,way,Spar,grocery,provisioning_services,46.3361809,15.8789539,,,2026-09-04,OSM
1302293797,way,Spar,grocery,provisioning_services,46.0441864,14.4837244,Mo-Sa 08:00-20:00,,2026-09-04,OSM
1306975576,way,Supermarket Jager,grocery,provisioning_services,46.5565045,15.5559854,,,2026-09-04,OSM
1326298575,way,Mercator,grocery,provisioning_services,46.4191115,16.1083613,,,2026-09-04,OSM
1334231435,way,EuroSpin,grocery,provisioning_services,45.5338275,13.7339241,,,2026-09-04,OSM
1347178751,way,Mercator,grocery,provisioning_services,46.4251632,15.8612651,,,2026-09-04,OSM
1347275304,way,Center Jager Ptuj,grocery,provisioning_services,46.4089313,15.8651049,,,2026-09-04,OSM
1347572150,way,Jager,grocery,provisioning_services,46.4678909,15.7638521,,,2026-09-04,OSM
1350344797,way,Mercator,grocery,provisioning_services,46.678323,16.0506252,,,2026-09-04,OSM
1351124001,way,Mercator,grocery,provisioning_services,46.6775828,15.9930158,,,2026-09-04,OSM
1352182618,way,Mercator,grocery,provisioning_services,46.6774621,15.9912564,,,2026-09-04,OSM
1353241181,way,Tuš Market Črešnjevci,grocery,provisioning_services,46.6584826,15.9939846,,,2026-09-04,OSM
1380209930,way,Spar,grocery,provisioning_services,46.3698499,15.9015769,,,2026-09-04,OSM
1384780412,way,EuroSpin PE Tezno 2,grocery,provisioning_services,46.5358456,15.6595212,Mo-Sa 08:00-20:00,2026-02-24,2026-09-04,OSM
1412491039,way,Mercator,grocery,provisioning_services,46.4353654,15.9535044,Mo-Fr 07:30-19:00; Sa 07:30-15:00,,2026-09-04,OSM
1422482027,way,TUŠ Market Peternel,grocery,provisioning_services,46.2390942,15.0928801,,,2026-09-04,OSM
1424247778,way,Petrol - Počivališče Barje - sever,grocery,provisioning_services,46.0289877,14.4823482,24/7,2026-07-06,2026-09-04,OSM
1424247794,way,Marché Barje II – jug,grocery,provisioning_services,46.0288586,14.4785104,Mo-Fr 10:00-16:00; Sa-Su 08:00-19:00,2025-08-29,2026-09-04,OSM
1431986988,way,unnamed,grocery,provisioning_services,45.7827138,15.0737202,,,2026-09-04,OSM
1444897935,way,unnamed,grocery,provisioning_services,45.8526262,14.615553,,,2026-09-04,OSM
1463163686,way,Petrol - Rožna dolina,grocery,provisioning_services,45.9422054,13.6383755,,,2026-09-04,OSM
1465272429,way,Spar,grocery,provisioning_services,45.908607,15.5972219,,,2026-09-04,OSM
1467989210,way,Spar,grocery,provisioning_services,45.5080963,13.5980446,Mo-Sa 08:00-20:00,,2026-09-04,OSM
1469208845,way,Mercator,grocery,provisioning_services,45.9050569,15.5975916,,,2026-09-04,OSM
1472441316,way,Tus market,grocery,provisioning_services,45.8951637,15.6615297,Mo-Fr 07:00-20:00; Sa 07:00-18:00,,2026-09-04,OSM
1476324162,way,Market Tepanje,grocery,provisioning_services,46.3462998,15.474985,,,2026-09-04,OSM
1478811723,way,Mercator,grocery,provisioning_services,46.0886605,14.7336301,,,2026-09-04,OSM
1481434505,way,Lidl - Litija,grocery,provisioning_services,46.059306,14.8380656,Mo-Sa 08:00-20:00; Su off,,2026-09-04,OSM
1484517727,way,Market Sora,grocery,provisioning_services,46.1420703,14.3743088,,,2026-09-04,OSM
1485714860,way,Mercator,grocery,provisioning_services,46.2324517,14.3642663,,,2026-09-04,OSM
1488763212,way,unnamed,grocery,provisioning_services,46.2368547,14.3627906,,,2026-09-04,OSM
1489274110,way,Lidl - Kranj - Koroška,grocery,provisioning_services,46.2504747,14.3453458,Mo-Sa 08:00-21:00,,2026-09-04,OSM
1489274114,way,Hofer,grocery,provisioning_services,46.2509404,14.3466927,,,2026-09-04,OSM
1489764786,way,EuroSpin,grocery,provisioning_services,46.2375703,14.3709836,Mo-Sa 08:00-20:00,,2026-09-04,OSM
1492844826,way,Mercator,grocery,provisioning_services,46.2432136,14.3642549,Mo-Sa 7:00-20:00,,2026-09-04,OSM
1493133902,way,Spar,grocery,provisioning_services,46.2465702,14.3570249,Mo-Fr 07:30-20:00; Sa 07:30-15:00,,2026-09-04,OSM
1496079823,way,Spar,grocery,provisioning_services,46.1378406,14.4142623,Mo-Fr 8:00-20:00; Sa 8:00-20:00; Su 8:00-13:00,,2026-09-04,OSM
1503414148,way,Spar,grocery,provisioning_services,46.0787117,14.484371,"Su,PH off; Mo-Fr 09:00-21:00; Sa 08:00-21:00",2025-02-22,2026-09-04,OSM
1526404440,way,Spar,grocery,provisioning_services,46.5541589,15.6535252,"Mo-Fr 09:00-21:00; Sa 08:00-21:00; Su, PH off",,2026-09-04,OSM
1526404473,way,Biotopic Maribor,grocery,provisioning_services,46.5545195,15.6525223,,,2026-09-04,OSM
1530895471,way,Tuš,grocery,provisioning_services,46.0353722,14.4823504,,,2026-09-04,OSM
1545951727,way,EuroSpin,grocery,provisioning_services,46.2802439,15.3009611,,,2026-09-04,OSM
38832224,node,Centralna lekarna,healthcare,healthcare_care,46.0514519,14.5065666,Mo-Fr 07:30-19:30; Sa 08:00-14:00,,2026-09-04,OSM
78485061,node,unnamed,healthcare,healthcare_care,46.2325209,14.3461219,,,2026-09-04,OSM
248845945,node,Lekarna,healthcare,healthcare_care,46.0673106,14.4872167,Mo-Fr 08:00-19:00; Sa 08:00-13:00,,2026-09-04,OSM
265689093,node,Lekarna,healthcare,healthcare_care,46.0729088,14.4872407,,2025-11-10,2026-09-04,OSM
275706893,node,unnamed,healthcare,healthcare_care,46.2719389,13.9548341,,,2026-09-04,OSM
299796187,node,Lekarna,healthcare,healthcare_care,45.9570149,14.6555299,,,2026-09-04,OSM
370487994,node,Lekarna Ljubljana,healthcare,healthcare_care,45.9626554,14.2953302,"Mo-Fr 07:00-19:00; Sa-Su,PH off",2026-08-18,2026-09-04,OSM
379757820,node,Lekarna Anita,healthcare,healthcare_care,46.5516011,15.4934267,Mo 12:00-19:00; Tu-Fr 07:30-15:30,,2026-09-04,OSM
429965641,node,unnamed,healthcare,healthcare_care,46.5987204,15.1640559,,,2026-09-04,OSM
443419947,node,Lekarna Bežigrad,healthcare,healthcare_care,46.0615758,14.5073157,Mo-Fr 08:00-19:00; Sa 08:00-13:00,,2026-09-04,OSM
447033196,node,Lekarna,healthcare,healthcare_care,46.3952842,15.6612953,,,2026-09-04,OSM
458701696,node,unnamed,healthcare,healthcare_care,45.9199653,14.3657331,,,2026-09-04,OSM
471786713,node,Lekarna Jesenice,healthcare,healthcare_care,46.4366294,14.0563059,,,2026-09-04,OSM
477424492,node,Lekarna Nova vas,healthcare,healthcare_care,46.5436316,15.6292269,,,2026-09-04,OSM
492167165,node,Apoteka Miklavž - Vrabl Miglar Maja,healthcare,healthcare_care,46.5020409,15.7013633,,,2026-09-04,OSM
502203327,node,Lekarna Vipava,healthcare,healthcare_care,45.8456035,13.9601464,,,2026-09-04,OSM
526230757,node,Lekarna Štepanjsko naselje,healthcare,healthcare_care,46.0480795,14.5436213,Mo-Fr 08:00-19:00; Sa 08:00-13:00,,2026-09-04,OSM
538499572,node,Lekarna,healthcare,healthcare_care,46.1618511,14.5710984,"Mo-Fr 07:30-19:30; Sa 07:30-12:00; Su,PH off",,2026-09-04,OSM
566368017,node,Lekarna Slovenske Konjice - Celjske lekarne,healthcare,healthcare_care,46.33885,15.4287488,Mo-Fr 07:30-19:30; Sa 08:00-12:00; Su 09:00-12:00,,2026-09-04,OSM
588851398,node,Lekarna Kamnik,healthcare,healthcare_care,46.2239757,14.6098391,Mo-Fr 07:30-19:30; Sa 08:00-12:00; Su 09:00-12:00,,2026-09-04,OSM
588851410,node,Lekarna Novi trg,healthcare,healthcare_care,46.2212258,14.6127657,,,2026-09-04,OSM
618767145,node,Lekarna Kobarid,healthcare,healthcare_care,46.2470774,13.5781523,Tu-Fr 08:00-15:00; Sa 08:00-12:00; Mo 08:00-16:30,,2026-09-04,OSM
620019801,node,Pomurske Lekarne,healthcare,healthcare_care,46.6608687,16.1633053,Mo-Fr 07:30-19:00; Sa 07:30-14:00,2023-10-06,2026-09-04,OSM
622118870,node,Lekarna Center - Celjske lekarne,healthcare,healthcare_care,46.2298047,15.2650522,24/7,,2026-09-04,OSM
761542870,node,Prostor za resevanje,healthcare,healthcare_care,46.1556089,14.0490739,,,2026-09-04,OSM
768924354,node,Lekarna Radovljica,healthcare,healthcare_care,46.3472918,14.1721669,,,2026-09-04,OSM
768928452,node,Lekarna Lesce,healthcare,healthcare_care,46.3611119,14.158699,,,2026-09-04,OSM
835294687,node,unnamed,healthcare,healthcare_care,46.2381648,14.3659088,,,2026-09-04,OSM
862362108,node,Lekarna Arnica montana,healthcare,healthcare_care,46.5388807,15.6332685,Mo-Fr 7:00-19:30; Sa 8:00-13:00,,2026-09-04,OSM
887214605,node,Lekarna Ljubljana,healthcare,healthcare_care,46.0407556,14.4992077,Mo-Fr 07:30-19:30; Sa 08:00-13:00,,2026-09-04,OSM
912507065,node,Lekarna Krško,healthcare,healthcare_care,45.9429626,15.4838848,Mo-Fr 07:00-19:00; Sa 08:00-14:00,,2026-09-04,OSM
968578805,node,Lekarna Ljubljana Polje,healthcare,healthcare_care,46.052689,14.5899149,"Mo-Sa 07:00-19:30, Su closed",,2026-09-04,OSM
980216875,node,Lekarna,healthcare,healthcare_care,45.9377693,14.8055952,,,2026-09-04,OSM
1189122042,node,Lekarna Pobrežje,healthcare,healthcare_care,46.5515401,15.6628075,"Mo-Fr 7:30-19:00, Sa 7:30-12:00",,2026-09-04,OSM
1212462481,node,Koroška lekarna,healthcare,healthcare_care,46.5895874,15.3291523,"Mo,We,Fr 08:00-15:00",,2026-09-04,OSM
1241774643,node,Lekarna Murgle,healthcare,healthcare_care,46.0361354,14.4894242,Mo-Fr 08:00-19:30; Sa 09:00-13:00,2026-05-14,2026-09-04,OSM
1244907377,node,Lekarna Brezje,healthcare,healthcare_care,46.5362488,15.6885598,Mo-Tu 08:30-19:00; We-Fr 08:30-18:00; Sa 08:30-13:00,,2026-09-04,OSM
1249620000,node,Lekarna Rakovnik,healthcare,healthcare_care,46.0363131,14.523543,,,2026-09-04,OSM
1270182661,node,Lekarna Duplek,healthcare,healthcare_care,46.5011575,15.7489303,,,2026-09-04,OSM
1275756816,node,Lekarna Črnuče,healthcare,healthcare_care,46.1034417,14.5317299,Mo-Fr 07:15-19:15; Sa 08:00-13:00,,2026-09-04,OSM
1302998995,node,Lekarna,healthcare,healthcare_care,45.9589369,14.5274086,,,2026-09-04,OSM
1305584899,node,Lekarna Dravlje,healthcare,healthcare_care,46.0768102,14.4660645,Mo-Fr 08:00-19:00; Sa 08:00-13:00,,2026-09-04,OSM
1330012748,node,Koroška lekarna - Lekarna Dravograd,healthcare,healthcare_care,46.5899593,15.0171677,Mo-Fr 07:30-17:00; Sa 07:30-12:00; PH off,,2026-09-04,OSM
1419025992,node,Goriška lekarna Dobrovo,healthcare,healthcare_care,45.9977226,13.5273596,,,2026-09-04,OSM
1436434293,node,"Lekarna Ljubljana, Lekarniška podružnica Dobrepolje",healthcare,healthcare_care,45.8482589,14.6951992,,,2026-09-04,OSM
1575408366,node,Lekarna Sevnica,healthcare,healthcare_care,46.0107507,15.3025246,,,2026-09-04,OSM
1640456913,node,Lekarna Olmo,healthcare,healthcare_care,45.535479,13.7287355,Mo-Fr 07:30-19:00; Sa 07:30-13:00,,2026-09-04,OSM
1640456914,node,Lekarna / Farmacia,healthcare,healthcare_care,45.5433343,13.734021,,,2026-09-04,OSM
1640498285,node,Lekarna Simonov zaliv,healthcare,healthcare_care,45.5305716,13.6499543,Mo-Fr 08:00-20:00; Sa 08:00-12:00; PH closed,,2026-09-04,OSM
1655178498,node,MediHiša,healthcare,healthcare_care,46.048132,14.5008579,Mo-Fr 09:00-19:00,,2026-09-04,OSM
1756064345,node,Lekarna Moste,healthcare,healthcare_care,46.0570011,14.535216,Mo-Fr 08:00-18:00; Sa 08:00-13:00,,2026-09-04,OSM
1788459663,node,Obalne lekarne Koper,healthcare,healthcare_care,45.5347017,13.6606904,,,2026-09-04,OSM
1804183105,node,Kamilica zeliščna prodajalna,healthcare,healthcare_care,46.0744901,14.510264,,,2026-09-04,OSM
1820398990,node,Lekarna Rače,healthcare,healthcare_care,46.4536224,15.6746047,,,2026-09-04,OSM
1822975005,node,unnamed,healthcare,healthcare_care,46.4680902,15.7643641,,,2026-09-04,OSM
1847525395,node,Lekarna Betnava,healthcare,healthcare_care,46.5394303,15.6406774,Mo-Fr 08:00-20:00; Sa 08:00-15:00; Su off,2026-07-04,2026-09-04,OSM
1859059705,node,Lekarna miren,healthcare,healthcare_care,45.8904064,13.6059642,"Mo 08:00-15:15; Tu 12:30-18:30; We 08:00-17:30; Th,Fr 08:00-15:15",,2026-09-04,OSM
1889591704,node,Lekarna Radvanje,healthcare,healthcare_care,46.5386327,15.6054391,Mo-Fr 08:00-19:00; Sa 08:00-13:00,,2026-09-04,OSM
1894570012,node,Lekarna Miklošič,healthcare,healthcare_care,46.0548149,14.5075225,Mo-Fr 08:00-16:00,,2026-09-04,OSM
1914134208,node,Lekarna Center,healthcare,healthcare_care,46.5583217,15.6464622,Mo-Fr 9:00-17:00; Sa 8:00-13:00,,2026-09-04,OSM
1914134214,node,Lekarna Gosposvetska,healthcare,healthcare_care,46.561309,15.6345698,Mo-Fr 07:00-19:00; Sa 07:00-13:00,,2026-09-04,OSM
1914134219,node,Lekarna Melje,healthcare,healthcare_care,46.561566,15.6565116,Mo-Fr 8:00-19:00; Sa 8:00-12:00,,2026-09-04,OSM
1914134224,node,Lekarna pri Gradu,healthcare,healthcare_care,46.560566,15.6498686,Mo-Fr 08:00-19:00; Sa 08:00-12:00,2025-11-12,2026-09-04,OSM
1914134230,node,Lekarna Tabor,healthcare,healthcare_care,46.5534024,15.6466496,24/7,,2026-09-04,OSM
1919108928,node,Lekarna Lah,healthcare,healthcare_care,46.5535096,15.6423106,Mo-Fr 08:00-19:00; Sa 08:00-12:00,,2026-09-04,OSM
1924777763,node,Lekarna Bavarski dvor,healthcare,healthcare_care,46.0561129,14.5050025,Mo-Fr 07:00-19:00; Sa 08:00-13:00,,2026-09-04,OSM
1978710158,node,Lekarna Metelkova,healthcare,healthcare_care,46.0566492,14.5148944,Mo-Fr 07:00-19:30; Sa 08:00-13:00,,2026-09-04,OSM
1979477407,node,Lekarna Zupančičeva jama,healthcare,healthcare_care,46.0627233,14.5136503,Mo-Fr 08:00-19:00; Sa 08:00-12:00,2026-06-28,2026-09-04,OSM
2001715865,node,unnamed,healthcare,healthcare_care,46.2760736,14.3149948,,,2026-09-04,OSM
2074606643,node,Lekarna Nove Jarše,healthcare,healthcare_care,46.0717763,14.5441154,Mo-Fr 07:30-19:30; Sa 08:00-13:00,,2026-09-04,OSM
2074606645,node,Lekarna pri polikliniki,healthcare,healthcare_care,46.0545032,14.5196184,24/7,2026-07-22,2026-09-04,OSM
2074606646,node,Lekarna Šiška,healthcare,healthcare_care,46.0653584,14.4933083,"Mo,Tu,Th,Fr 08:00-15:00; We 08:00-17:00",,2026-09-04,OSM
2083440509,node,Lekarna Soča,healthcare,healthcare_care,46.0664275,14.5234215,Mo-Fr 07:30-19:30,,2026-09-04,OSM
2083632730,node,Lekarna Bizjak,healthcare,healthcare_care,46.0660894,14.54276,,,2026-09-04,OSM
2083632731,node,Lekarna Citipark,healthcare,healthcare_care,46.0678223,14.5455741,"Mo-Fr 09:00-18:00; Sa 08:00-20:00; Su,PH off",2026-03-19,2026-09-04,OSM
2083632732,node,Lekarna Zlatica Vrhnika,healthcare,healthcare_care,45.9747761,14.3064814,"Mo,Th-Fr 08:00-15:00; Tu-We 12:00-19:00; Sa 08:00-14:00; Su off",2026-05-25,2026-09-04,OSM
2099017735,node,Lekarna,healthcare,healthcare_care,46.245945,14.9510541,,,2026-09-04,OSM
2109848261,node,Lekarna Ankaran / Farmacia di Ancarano,healthcare,healthcare_care,45.5793801,13.7380365,Mo-Fr 08:30-16:00; Sa 09:00-12:00,,2026-09-04,OSM
2206943552,node,Lekarna Kamnica,healthcare,healthcare_care,46.5732837,15.6156528,Mo-Fr 07:30-19:00; Sa 08:00-12:00; PH off,,2026-09-04,OSM
2317192262,node,Lekarna Ljubljana – Idrija,healthcare,healthcare_care,46.0024494,14.0290344,Mo-Fr 07:30-19:00; Sa 08:00-13:00; Su 09:00-12:00,2025-08-22,2026-09-04,OSM
2321336488,node,"Lekarna Komenda, podružnica Vodice",healthcare,healthcare_care,46.1866849,14.4913949,"Mo,We 13:00-19:00; Tu,Th,Fr 08:00-14:00,15:00-18:00; Sa 08:00-12:00",,2026-09-04,OSM
2344481995,node,Lekarna Slovenska Bistrica,healthcare,healthcare_care,46.3866975,15.5739806,"Mo-Fr 08:00-07:00, Sa 08:00-13:00",,2026-09-04,OSM
2354122982,node,unnamed,healthcare,healthcare_care,45.8928502,15.6230756,,,2026-09-04,OSM
2373013966,node,"Mestne lekarne, PE Lekarna Duplica Kamnik",healthcare,healthcare_care,46.2016265,14.5940432,,,2026-09-04,OSM
2392663663,node,Lekarna v E. Leclercu,healthcare,healthcare_care,46.522675,15.6526489,Mo-Fr 08:30-19:30; Sa 08:30-15:00; Su off,2026-07-04,2026-09-04,OSM
2497930620,node,Lekarna,healthcare,healthcare_care,46.5091297,15.0785862,,,2026-09-04,OSM
2510551588,node,Artemisia,healthcare,healthcare_care,45.7087603,13.8723823,,,2026-09-04,OSM
2562035322,node,Lekarna Brod,healthcare,healthcare_care,46.1165249,14.461941,Mo-Fr 08:00-19:15; Sa 08:00-13:00,,2026-09-04,OSM
2698480215,node,unnamed,healthcare,healthcare_care,46.1364671,14.743594,,,2026-09-04,OSM
2779328841,node,Lekarna Slovenska Bistrica - Bistrica,healthcare,healthcare_care,46.3953283,15.5623469,,,2026-09-04,OSM
2779386211,node,Lekarna Slovenska Bistrica - Center,healthcare,healthcare_care,46.3919278,15.572065,,,2026-09-04,OSM
2836458713,node,LEKARNA TOPLEK,healthcare,healthcare_care,46.4252415,15.8769857,Mo-Fr 07:00-19:00,,2026-09-04,OSM
2934710704,node,Lekarna Zreče - Celjske lekarne,healthcare,healthcare_care,46.3666627,15.3931051,,,2026-09-04,OSM
2974589081,node,MediHiša,healthcare,healthcare_care,46.06515,14.5110429,Mo-Fr 08:00-16:00,,2026-09-04,OSM
2984355036,node,Lekarna,healthcare,healthcare_care,46.3710858,14.1089834,,,2026-09-04,OSM
3011155634,node,unnamed,healthcare,healthcare_care,46.1836897,13.733412,,,2026-09-04,OSM
3053258068,node,Lekarna,healthcare,healthcare_care,46.6847671,16.2195546,Mo-Fr 08:00-16:00; Sa 08:00-12:00,2023-11-05,2026-09-04,OSM
3089074409,node,Lekarna,healthcare,healthcare_care,46.5624424,16.4526852,Mo-Fr 07:30-19:00; Sa 07:30-12:00,,2026-09-04,OSM
3109260546,node,unnamed,healthcare,healthcare_care,46.6604899,16.1673048,Mo-Fr 08:00-17:00,,2026-09-04,OSM
3122758997,node,Pomurske Lekarne,healthcare,healthcare_care,46.6619864,16.1456413,,,2026-09-04,OSM
3159096261,node,Lekarne Ptuj,healthcare,healthcare_care,46.4205366,15.8741457,,,2026-09-04,OSM
3169076881,node,Lekarna,healthcare,healthcare_care,46.2531526,14.4872827,,,2026-09-04,OSM
3169562061,node,Ll Viva,healthcare,healthcare_care,46.0553482,14.5186833,Mo-Fr 09:00-18:00,,2026-09-04,OSM
3197332703,node,Lekarna,healthcare,healthcare_care,46.6742504,15.9939661,,,2026-09-04,OSM
3207021764,node,Lekarna,healthcare,healthcare_care,45.7739173,14.5064545,,,2026-09-04,OSM
3225463154,node,PE Lekarna Šentvid,healthcare,healthcare_care,46.0942227,14.4694185,Mo-Fr 07:00-19:00; Sa 08:00-13:00,,2026-09-04,OSM
3229009430,node,Lekarna Cerknica,healthcare,healthcare_care,45.7913703,14.3657028,,,2026-09-04,OSM
3242428395,node,Lekarna BTC,healthcare,healthcare_care,46.669726,16.1778325,Mo-Fr 08:00-19:00; Sa 08:00-14:00,2025-12-05,2026-09-04,OSM
3253330154,node,unnamed,healthcare,healthcare_care,46.053545,14.5589964,,,2026-09-04,OSM
3298507957,node,Lekarna Pogačnik,healthcare,healthcare_care,46.0883803,14.639391,,,2026-09-04,OSM
3299131485,node,Lekarna BARSOS,healthcare,healthcare_care,46.0481756,14.5004978,Mo-Fr 08:00-20:00,,2026-09-04,OSM
3303267448,node,Lekarna Ljubljana,healthcare,healthcare_care,46.1695285,14.6912604,,,2026-09-04,OSM
3352658425,node,Lekarna,healthcare,healthcare_care,46.5674802,16.0143686,,,2026-09-04,OSM
3382873222,node,Lekarna Limbuš,healthcare,healthcare_care,46.5539052,15.5816585,"Mo-Fr 08:00-16:00; Tu,We 11:30-19:30; PH off",,2026-09-04,OSM
3389563043,node,Lekarna,healthcare,healthcare_care,46.6516712,16.3512154,,,2026-09-04,OSM
3404748481,node,unnamed,healthcare,healthcare_care,46.1578229,14.9256098,,,2026-09-04,OSM
3415597731,node,Lekarna zalog,healthcare,healthcare_care,46.0610421,14.6145692,,,2026-09-04,OSM
3432113540,node,Lekarna Grad,healthcare,healthcare_care,46.8025115,16.0910888,,,2026-09-04,OSM
3441608812,node,Lekarna Apoteka Križevci,healthcare,healthcare_care,46.5627512,16.1411885,,,2026-09-04,OSM
3464834606,node,Lekarna Ljutomer,healthcare,healthcare_care,46.5213025,16.1937504,Mo-Fr 07:30-19:00; Sa 07:30-12:00,,2026-09-04,OSM
3603800773,node,Lekarna,healthcare,healthcare_care,45.8591168,15.0836035,,,2026-09-04,OSM
3700207417,node,Lekarna Portorož,healthcare,healthcare_care,45.5144273,13.5907052,Mo-Fr 08:00-19:00; Jul-Aug Mo-Fr 19:00-20:00; Jul-Aug Su 09:00-13:00; Sa 08:00-13:00,,2026-09-04,OSM
3721152737,node,Lekarna Radeče - Celjske lekarne,healthcare,healthcare_care,46.0657236,15.1806891,,,2026-09-04,OSM
3812476550,node,Lekarna Deteljica,healthcare,healthcare_care,46.3555796,14.2922106,,,2026-09-04,OSM
3868549038,node,Zasebna lekarna Podčetrtek,healthcare,healthcare_care,46.1559557,15.5971855,Mo 11:00-19:00; Tu-Fr 08:00-16:00; Sa 08:00-12:00; PH off; Su off,,2026-09-04,OSM
3897186703,node,Lekarna Nove Poljane,healthcare,healthcare_care,46.0534962,14.5285739,Mo-Fr 07:00-19:00; Sa 08:00-13:00,,2026-09-04,OSM
3906513200,node,Lekarna APOTEKA PRI TEATRU,healthcare,healthcare_care,46.2304534,15.2624959,Mo-Fr 07:30-19:00; Sa 07:30-12:00,,2026-09-04,OSM
3966904857,node,Lekarna pri Sv. Martinu,healthcare,healthcare_care,46.4078186,15.8373917,,,2026-09-04,OSM
3992062336,node,Lekarna,healthcare,healthcare_care,46.8052427,16.2181082,,,2026-09-04,OSM
4005231478,node,Lekarna Juršinci,healthcare,healthcare_care,46.485701,15.9678973,Mo 7:30-16:00; Tu 7:15-15:15; We 11:15-19:30; Th 7:15-15:15; Fr 7:15-14:30,,2026-09-04,OSM
4052458576,node,Lekarna na Vidmu,healthcare,healthcare_care,45.9575406,15.4938161,,,2026-09-04,OSM
4115157798,node,Lekarna Sonček,healthcare,healthcare_care,45.8882281,13.9034461,"Mo-Th 08:00-12:30,13:30-17:00; Fr 08:00-12:30; Sa 08:30-12:00",,2026-09-04,OSM
4155152846,node,Lekarna Flerin,healthcare,healthcare_care,46.1376555,14.5896851,,,2026-09-04,OSM
4279661692,node,Lekarna Kranjska Gora,healthcare,healthcare_care,46.4851647,13.7828047,Mo-Fr 7:30-19:00; Sa 8:00-13:00,,2026-09-04,OSM
4292864492,node,Lekarna Litija,healthcare,healthcare_care,46.0563256,14.8287561,,,2026-09-04,OSM
4292882790,node,Lekarna Litija,healthcare,healthcare_care,46.0539303,14.8370018,,,2026-09-04,OSM
4441882309,node,Lekarna Prule-Trnovo,healthcare,healthcare_care,46.0442667,14.5068926,Mo-Fr 08:00-19:00; Sa 08:00-12:00,,2026-09-04,OSM
4549707659,node,Lekarniška podružnica Loče - Celjske lekarne,healthcare,healthcare_care,46.3003663,15.5026137,,,2026-09-04,OSM
4624073655,node,unnamed,healthcare,healthcare_care,46.7048662,16.1542671,,,2026-09-04,OSM
4629930903,node,Lekarna,healthcare,healthcare_care,46.4994573,15.6490428,"Mo,Th 14:30-20:00; Tu,We 08:00-15:00; Fr 10:00-14:00",2025-07-30,2026-09-04,OSM
4734121629,node,"Lekarna WTC, Javni zavod Lekarna Ljubljana",healthcare,healthcare_care,46.0823403,14.5144316,7:30 - 19:00,,2026-09-04,OSM
4819874321,node,Lekarna Rače,healthcare,healthcare_care,46.3175678,15.6676706,,,2026-09-04,OSM
4930326275,node,Lekarniška podružnica Prestranek,healthcare,healthcare_care,45.7288178,14.1847433,"Mo,Tu,We,Fr 08:00-11:15; Th 13:00-17:00",,2026-09-04,OSM
4979803512,node,Tosama,healthcare,healthcare_care,45.5459105,13.7273016,Mo-Fr 07:30-19:30; Sa 07:30-13:00,,2026-09-04,OSM
4982494916,node,Sanolabor,healthcare,healthcare_care,46.0508968,14.5074425,,,2026-09-04,OSM
4999124525,node,Lekarna,healthcare,healthcare_care,46.6409481,16.0388885,,,2026-09-04,OSM
5068913915,node,Sanolabor,healthcare,healthcare_care,46.0387866,14.4766176,Mo-Sa 08:00-21:00,2023-05-18,2026-09-04,OSM
5094614799,node,unnamed,healthcare,healthcare_care,46.3969101,16.2718557,,,2026-09-04,OSM
5189707031,node,Lekarna Postojna Log,healthcare,healthcare_care,45.7712927,14.2021497,,,2026-09-04,OSM
5189716878,node,Lekarna Postojna,healthcare,healthcare_care,45.7721504,14.2109022,Mo-Fr 07:30-19:00; Sa 07:30-13:00,,2026-09-04,OSM
5411947962,node,Lekarna Podčetrtek,healthcare,healthcare_care,46.1567858,15.5962076,,,2026-09-04,OSM
5502961690,node,"Lekarna nova, Lidija Blažič, Mag.Farm. - Lekarnar",healthcare,healthcare_care,45.9260522,13.6314941,Mo-Fr 8:00-19:00; Sa 8:00-12:00,,2026-09-04,OSM
5630884006,node,Kosobrin,healthcare,healthcare_care,45.9565437,14.6596218,,,2026-09-04,OSM
5760834697,node,Lekarna Lucija,healthcare,healthcare_care,45.5044523,13.6016008,,,2026-09-04,OSM
5775512602,node,Lekarna pri šišenski knjižnici,healthcare,healthcare_care,46.0761028,14.4817832,,,2026-09-04,OSM
5853354487,node,Lekarna Rogaška - Celjske lekarne,healthcare,healthcare_care,46.2388017,15.6343572,Mo-Fr 07:30-19:00; Sa 07:30-13:00; Su 09:00-12:00,,2026-09-04,OSM
5860628995,node,"Flora, zeliščna lekarna",healthcare,healthcare_care,46.2335231,15.6379723,,,2026-09-04,OSM
6005381833,node,Lekarniška podružnica Renče,healthcare,healthcare_care,45.8897681,13.6700765,Mo 12:00-19:00; Tu-Fr 08:00-15:00,,2026-09-04,OSM
6163743553,node,Lekarna pri gledališču,healthcare,healthcare_care,46.5601227,15.6429702,Mo-Fr 08:00-19:00; Sa 08:00-12:00,,2026-09-04,OSM
6307480511,node,Lekarna Brežice,healthcare,healthcare_care,45.9047745,15.601425,,,2026-09-04,OSM
6307480512,node,Lekarna Brežice,healthcare,healthcare_care,45.9082199,15.5939093,,,2026-09-04,OSM
6367503147,node,unnamed,healthcare,healthcare_care,46.4394886,14.044201,,,2026-09-04,OSM
6459449346,node,unnamed,healthcare,healthcare_care,45.7645769,13.8293303,,,2026-09-04,OSM
6680047136,node,Lekarna Farmacia,healthcare,healthcare_care,45.5484656,13.729355,"Mo-Sa 07:30-19:00; Su 07:30-13:00,08:00-12:00",,2026-09-04,OSM
6724179321,node,Lekarna Ljubljana,healthcare,healthcare_care,46.045652,14.4698371,,,2026-09-04,OSM
6815762410,node,Lekarna Vič,healthcare,healthcare_care,46.0399824,14.4714256,"Mo- Fr 09:00-13:00, 15:00-19:00; Sa 09:00-13:00",,2026-09-04,OSM
6830472187,node,unnamed,healthcare,healthcare_care,46.046545,14.5065294,"Mo-Fr 09:00-17:00, Sa 09:00-15:00, Su closed",,2026-09-04,OSM
6855892180,node,Lekarna Špringler,healthcare,healthcare_care,46.6968611,15.9018584,,,2026-09-04,OSM
7212688186,node,Lekarna Ljubljana,healthcare,healthcare_care,45.9595267,14.653127,,,2026-09-04,OSM
7744233178,node,Lekarne Preddvor,healthcare,healthcare_care,46.3017602,14.416258,,,2026-09-04,OSM
7917316044,node,Goriška lekarna - lekarna Šempeter,healthcare,healthcare_care,45.9305176,13.6393751,Mo-Fr 08:00-19:00; Sa 08:00-12:00,,2026-09-04,OSM
7921281785,node,Lekarne Ptuj (Lekarna Kidričevo),healthcare,healthcare_care,46.4046821,15.7948272,,,2026-09-04,OSM
8006755571,node,Lekarna Urška Žbontar,healthcare,healthcare_care,46.2732483,14.3516592,Mo-Fr 08:00-19:00; Sa 08:00-12:00,,2026-09-04,OSM
8196036364,node,unnamed,healthcare,healthcare_care,45.645059,15.3167179,,,2026-09-04,OSM
8198578278,node,Lekarna Radlje ob Dravi,healthcare,healthcare_care,46.6146977,15.224117,,,2026-09-04,OSM
8335507017,node,Lekarna Ljubljana,healthcare,healthcare_care,46.0724313,14.4733346,"Mo,We 12:00-19:00; Tu,Th,Fr 08:15-18:00; Sa 08:00-13:00; Su off",,2026-09-04,OSM
8434983391,node,"Lekarniška podružnica Vitanje, Celjske Lekarne,",healthcare,healthcare_care,46.3822564,15.2952507,,,2026-09-04,OSM
8909841220,node,Lekarna Ljubljana,healthcare,healthcare_care,45.9736547,14.4209083,,,2026-09-04,OSM
8956345996,node,unnamed,healthcare,healthcare_care,45.9737156,13.6486755,,,2026-09-04,OSM
9032846301,node,Lekarna Savska,healthcare,healthcare_care,46.0644934,14.5252426,Mo-Fr 07:30-19:30,,2026-09-04,OSM
9053681105,node,Lekarna Radomlje,healthcare,healthcare_care,46.173102,14.6088067,,,2026-09-04,OSM
9370006568,node,Lekarniška podružnica Dobrna - Celjske lekarne,healthcare,healthcare_care,46.3340059,15.2241534,,,2026-09-04,OSM
9370208981,node,Lekarna Glazija - Celjske lekarne,healthcare,healthcare_care,46.2325402,15.259291,,,2026-09-04,OSM
9370234224,node,Lekarna Planet - Celjske lekarne,healthcare,healthcare_care,46.2438665,15.2786651,,,2026-09-04,OSM
9370248406,node,Lekarna Citycenter - Celjske lekarne,healthcare,healthcare_care,46.2415411,15.2792823,,,2026-09-04,OSM
9371920536,node,Lekarna Nova vas - Celjske lekarne,healthcare,healthcare_care,46.2459883,15.2640245,,,2026-09-04,OSM
9371950961,node,Lekarna Lava -Celjske lekarne,healthcare,healthcare_care,46.2432991,15.2520979,,,2026-09-04,OSM
9371999215,node,Lekarniška podružnica Rimske Toplice - Celjske lekarne,healthcare,healthcare_care,46.1242095,15.1945501,,,2026-09-04,OSM
9372019055,node,Lekarna Gregorčičeva - Celjske lekarne,healthcare,healthcare_care,46.2322003,15.2622797,,,2026-09-04,OSM
9372085059,node,Lekarna Kozje - Celjske lekarne,healthcare,healthcare_care,46.0737694,15.5607212,,,2026-09-04,OSM
9372223591,node,Lekarna Šentjur - Celjske lekarne,healthcare,healthcare_care,46.2146917,15.3939296,,,2026-09-04,OSM
9375795798,node,Lekarna Laško - Celjske lekarne,healthcare,healthcare_care,46.1542983,15.2361027,,,2026-09-04,OSM
9375798797,node,Lekarna Otok - Celjske lekarne,healthcare,healthcare_care,46.2342306,15.2552179,,,2026-09-04,OSM
9375798827,node,Lekarna Vojnik - Celjske lekarne,healthcare,healthcare_care,46.2913235,15.3039087,,,2026-09-04,OSM
9561583689,node,unnamed,healthcare,healthcare_care,45.9528167,15.0603746,,,2026-09-04,OSM
9624321876,node,Lekarna Ljubljana,healthcare,healthcare_care,45.7936899,14.3610544,,,2026-09-04,OSM
9624321925,node,unnamed,healthcare,healthcare_care,45.7897882,14.3677114,,,2026-09-04,OSM
9875383900,node,Lekarna Žužemberk,healthcare,healthcare_care,45.8310775,14.9309456,,,2026-09-04,OSM
9887211680,node,Lekarna Škalce - Celjske lekarne,healthcare,healthcare_care,46.3418774,15.4155261,Mo-Fr 08:00-19:00; Su 08:00-13:00,,2026-09-04,OSM
9996969261,node,dm,healthcare,healthcare_care,46.0879799,14.4765915,,2025-02-22,2026-09-04,OSM
10045477181,node,Lekarna Majske poljane,healthcare,healthcare_care,45.9605315,13.6390787,Mo-Fr 09:00-21:00; Sa 8:00-21:00,,2026-09-04,OSM
10114459618,node,Pušnik,healthcare,healthcare_care,46.1587275,15.0531383,,,2026-09-04,OSM
10154810857,node,Lekarna,healthcare,healthcare_care,46.3672223,14.1600136,,,2026-09-04,OSM
10300447009,node,unnamed,healthcare,healthcare_care,46.1540102,15.048375,Mo-Fr 07:00-19:30; Sa 07:00-13:00,,2026-09-04,OSM
10581816283,node,Lekarna Bežigrajski dvor,healthcare,healthcare_care,46.0644125,14.5111804,Mo-Fr 07:00-19:00; Sa 08:00-13:00; PH closed,,2026-09-04,OSM
10648417114,node,Center,healthcare,healthcare_care,46.1473413,15.0423166,,,2026-09-04,OSM
10764256648,node,Lekarna,healthcare,healthcare_care,46.6392812,15.6155635,,,2026-09-04,OSM
10776036422,node,Lekarna Vnanje Gorice,healthcare,healthcare_care,46.009708,14.4157026,Mo-Fr 08:00-17:00; PH off,2022-12-15,2026-09-04,OSM
10795476852,node,Lekarna Markovec,healthcare,healthcare_care,45.5407884,13.7085312,,,2026-09-04,OSM
11008616601,node,Lekarna,healthcare,healthcare_care,46.2449324,15.1879817,,,2026-09-04,OSM
11023138740,node,Lekarna Tezno,healthcare,healthcare_care,46.5342493,15.6643642,Mo-Fr 07:30-19:00; Sa 07:30-12:00,,2026-09-04,OSM
11159222170,node,Lekarna Šinigoj,healthcare,healthcare_care,45.9626168,13.6477028,Mo-Fr 08:00-18:00; Sa 08:00-13:00,,2026-09-04,OSM
11160526568,node,Lekarna Gornji Grad,healthcare,healthcare_care,46.2972123,14.8093649,,,2026-09-04,OSM
11164937425,node,Lekarna Brezovica,healthcare,healthcare_care,46.0242718,14.4240403,Mo-Th 09:30-17:00; Fr 07:30-15:00; Sa 08:00-13:00,,2026-09-04,OSM
11248028641,node,Lekarna,healthcare,healthcare_care,46.625989,16.3123886,Mo 11:00-19:00; Tu-Fr 07:00-15:00,,2026-09-04,OSM
11460964727,node,Lekarna,healthcare,healthcare_care,45.5742671,14.233285,,,2026-09-04,OSM
11479183846,node,Lekarna Dornava,healthcare,healthcare_care,46.4342244,15.9518358,,,2026-09-04,OSM
11554481855,node,Lekarna,healthcare,healthcare_care,46.2497118,14.4866222,,,2026-09-04,OSM
11599108513,node,Lekarne Ptuj - PE Budina-Brstje,healthcare,healthcare_care,46.4189807,15.8791379,,,2026-09-04,OSM
11612778771,node,Dobra Misel,healthcare,healthcare_care,45.974694,14.3063931,Mo-Fr 08:00-20:00; Sa 08:00-15:00; Su off,2024-08-25,2026-09-04,OSM
11623683839,node,Lekarna Gorišnica,healthcare,healthcare_care,46.4100865,16.0129895,,,2026-09-04,OSM
11635257960,node,"Lekarna Ormož, PE Lekarna Holermuos",healthcare,healthcare_care,46.407694,16.1584795,,,2026-09-04,OSM
11699942689,node,Lekarna,healthcare,healthcare_care,45.7548793,15.0621047,,,2026-09-04,OSM
11808898978,node,unnamed,healthcare,healthcare_care,45.5709657,13.7921796,,,2026-09-04,OSM
11823674290,node,Lekarna,healthcare,healthcare_care,46.3634016,14.3064831,,,2026-09-04,OSM
11876911720,node,Lekarniška podružnica Žirovnica,healthcare,healthcare_care,46.4002924,14.1417177,,,2026-09-04,OSM
11961548369,node,Lekarna Ljubljana,healthcare,healthcare_care,46.0090143,14.3718137,"Mo, Fr 08:00-16:00; Tu-Th 12:00-18:00; Sa, Su off",,2026-09-04,OSM
12015864836,node,Lekarna,healthcare,healthcare_care,46.2490902,14.420068,,,2026-09-04,OSM
12022168421,node,Lekarna Tosama,healthcare,healthcare_care,45.537122,13.659633,Mo-Fr 07:30-19:30; Sa 07:30-13:00; Su off,2025-07-17,2026-09-04,OSM
12059592941,node,Lekarna Bovec,healthcare,healthcare_care,46.3361041,13.5491339,"Mo,Th 08:00-13:00, 15:00-18:30; Tu,We 08:00-12:00, 15:00-18:00; Fr 08:00-13:00; Sa 08:00-12:00",,2026-09-04,OSM
12213612515,node,Lekarna,healthcare,healthcare_care,45.6063831,13.9442892,24/7,,2026-09-04,OSM
12444368701,node,"Lekarne Maribor, Lekarna Šentilj",healthcare,healthcare_care,46.6800001,15.6551081,Mo-Fr 08:00-19:00; Sa 08:00-12:00,,2026-09-04,OSM
12478211851,node,Lekarniška poružnica Štore - Celjske lekarne,healthcare,healthcare_care,46.2222165,15.3108135,,,2026-09-04,OSM
12558657403,node,Lekarna Dornberk,healthcare,healthcare_care,45.8867153,13.7344554,,,2026-09-04,OSM
12752879711,node,unnamed,healthcare,healthcare_care,46.0507193,14.4595568,,,2026-09-04,OSM
12806483831,node,Lekarna Novak,healthcare,healthcare_care,45.8002508,15.1518752,,,2026-09-04,OSM
13042600728,node,Lekarna,healthcare,healthcare_care,45.8439713,15.3390846,,,2026-09-04,OSM
13077956162,node,Lekarniška podružnica Bizeljsko,healthcare,healthcare_care,46.0132896,15.6926343,,,2026-09-04,OSM
13089216201,node,LL Viva,healthcare,healthcare_care,46.002688,14.0272881,,,2026-09-04,OSM
13098493303,node,Lekarna Kostanjevica,healthcare,healthcare_care,45.8446014,15.4183165,,,2026-09-04,OSM
13140002986,node,Lekarna Sežana,healthcare,healthcare_care,45.7079218,13.8708663,Mo-Fr 08:00-19:00; Sa 08:00-13:00,,2026-09-04,OSM
13141217954,node,unnamed,healthcare,healthcare_care,45.8165573,13.7439933,,,2026-09-04,OSM
13376022301,node,Lekarna Ljubljana,healthcare,healthcare_care,45.9129084,14.2262977,,,2026-09-04,OSM
13524345576,node,Pri Kranjskem orlu,healthcare,healthcare_care,46.2393738,14.3554344,,,2026-09-04,OSM
13758050701,node,unnamed,healthcare,healthcare_care,45.5448638,13.7277401,Tu-Fr 08:30-15:30; Mo 12:30-19:00; Sa 08:00-12:00,,2026-09-04,OSM
13767711601,node,unnamed,healthcare,healthcare_care,46.0244514,14.2955551,,,2026-09-04,OSM
13771682212,node,Mariborske lekarne,healthcare,healthcare_care,46.5834423,15.8382971,Mo-Fr 08:00-20:00; Sa off; Su 08:00-15:00,2026-05-04,2026-09-04,OSM
14123699301,node,Lekarna Vrščaj,healthcare,healthcare_care,45.5786744,15.1950294,Mo-Fr 07:30-20:00; Sa 07:30-13:00,2026-08-25,2026-09-04,OSM
158078787,way,unnamed,healthcare,healthcare_care,46.2463517,14.355012,24/7,,2026-09-04,OSM
202438452,way,Lekarna Ruše,healthcare,healthcare_care,46.5385069,15.5134919,Mo-Fr 08:00-19:00; Sa 08:00-12:00,2024-05-19,2026-09-04,OSM
224655745,way,Lekarna Beltinci,healthcare,healthcare_care,46.6094621,16.233765,Mo-Th 07:30-19:00; Fr 07:30-15:00; Sa 07:30-12:00,,2026-09-04,OSM
228359994,way,Ilirija,healthcare,healthcare_care,46.5434258,16.4469276,,,2026-09-04,OSM
240135984,way,Lekarne Maribor,healthcare,healthcare_care,46.5773164,15.8289785,,,2026-09-04,OSM
256186930,way,Lekarna,healthcare,healthcare_care,46.7188583,16.0182277,,,2026-09-04,OSM
279441257,way,LEKARNA TOPLEK,healthcare,healthcare_care,46.4252659,15.8769636,,,2026-09-04,OSM
279812772,way,Dolenjske lekarne,healthcare,healthcare_care,45.8019747,15.1626192,Mo-Fr 07:00-20:00; Sa 7:00-13:00,,2026-09-04,OSM
297005307,way,Lekarna,healthcare,healthcare_care,46.5687615,16.2956424,"Mo,We-Fr 07:00-15:00; Tu 11:00-19:00",2025-10-31,2026-09-04,OSM
304016265,way,Lekarna Dobrova,healthcare,healthcare_care,46.0546227,14.416951,,,2026-09-04,OSM
307193910,way,Lekarna,healthcare,healthcare_care,46.6634309,16.1620504,,,2026-09-04,OSM
309042919,way,Lekarna Dežman,healthcare,healthcare_care,46.0897081,14.5088627,Mo-Fr 08:00-19:00; Sa 08:00-12:00,,2026-09-04,OSM
313764073,way,Lekarna Radenci,healthcare,healthcare_care,46.6404668,16.0446656,,,2026-09-04,OSM
322018030,way,MEDICOtehna,healthcare,healthcare_care,46.0642983,14.5832559,,,2026-09-04,OSM
326966440,way,Lekarna Martjanci,healthcare,healthcare_care,46.6851626,16.1901092,,,2026-09-04,OSM
327134062,way,LEK,healthcare,healthcare_care,46.5461036,16.4461578,,,2026-09-04,OSM
329970082,way,Lekarna Medvode,healthcare,healthcare_care,46.1423251,14.4108128,Mo-Fr 07:30-19:00; Sa 08:00-13:00,,2026-09-04,OSM
333637719,way,Lekarna Škofljica,healthcare,healthcare_care,45.9808923,14.5769046,Mo 12:00-19:00; Tu 08:00-15:00; We 12:00-19:00; Th-Fr 08:00-15:00; Sa 08:00-13:00,,2026-09-04,OSM
347696490,way,Lekarne Ptuj,healthcare,healthcare_care,46.4160806,15.8655452,,,2026-09-04,OSM
366870315,way,unnamed,healthcare,healthcare_care,46.1339275,14.996059,,,2026-09-04,OSM
368723145,way,Lekarniška podružnica Rogatec - Celjske lekarne,healthcare,healthcare_care,46.2244053,15.7020895,,,2026-09-04,OSM
372279921,way,Lekarna,healthcare,healthcare_care,45.638825,14.8656038,,,2026-09-04,OSM
374027916,way,Lekarna Šmarje - Celjske lekarne,healthcare,healthcare_care,46.2292543,15.5167866,,,2026-09-04,OSM
376710731,way,Lekarna Pivka,healthcare,healthcare_care,45.6805217,14.1946338,Mo-Fr 07:30-19:00,,2026-09-04,OSM
376871757,way,Lekarna Kalohova,healthcare,healthcare_care,46.5550687,15.617462,,,2026-09-04,OSM
422160390,way,Lekarniška postaja sester Palčič,healthcare,healthcare_care,45.7130387,14.4721311,,,2026-09-04,OSM
454308547,way,Lekarna Nova Gorica,healthcare,healthcare_care,45.9578087,13.6459056,,,2026-09-04,OSM
454315394,way,unnamed,healthcare,healthcare_care,46.1540711,15.2368535,,,2026-09-04,OSM
454315398,way,unnamed,healthcare,healthcare_care,46.1542336,15.2362922,,,2026-09-04,OSM
454332591,way,Lekarna Velenje – Center Velenje,healthcare,healthcare_care,46.3615504,15.1163419,,,2026-09-04,OSM
454498990,way,Lekarna Mežica,healthcare,healthcare_care,46.519188,14.8538176,Mo-Fr 07:30-14:00;We-Th 07:30-16:00;Sa 08:00-12:00;PH off,,2026-09-04,OSM
454534302,way,Lekarna Špringer,healthcare,healthcare_care,46.5200079,16.2868165,,,2026-09-04,OSM
462043425,way,Lekarna Ljubljana,healthcare,healthcare_care,45.8482729,14.6951755,,,2026-09-04,OSM
491150554,way,unnamed,healthcare,healthcare_care,46.340024,14.9615822,,,2026-09-04,OSM
495854508,way,unnamed,healthcare,healthcare_care,46.3649604,15.1099148,,,2026-09-04,OSM
497022463,way,unnamed,healthcare,healthcare_care,46.5586885,16.4570928,,,2026-09-04,OSM
513999350,way,Lekarna Cerkno,healthcare,healthcare_care,46.1309301,13.9878153,,,2026-09-04,OSM
516448484,way,Lekarna,healthcare,healthcare_care,46.6536315,16.0863235,,,2026-09-04,OSM
516606791,way,Lekarna Ljubljana,healthcare,healthcare_care,45.9591721,14.6536044,,,2026-09-04,OSM
729707702,way,Lekarna Ruj Sežana,healthcare,healthcare_care,45.7043035,13.8556994,Mo-Fr 08:00-20:00; Sa 08:00-16:00,,2026-09-04,OSM
771509659,way,Lekarna Vič,healthcare,healthcare_care,46.0467563,14.4868235,Mo-Fr 07:00-19:30; Sa 08:00-13:00,,2026-09-04,OSM
808581948,way,Lekarna Ormož,healthcare,healthcare_care,46.4074678,16.1435804,Mo-Fr 07:30-19:00; Sa 07:30-12:00,2025-10-14,2026-09-04,OSM
862769492,way,Lekarna Ajdovščina,healthcare,healthcare_care,45.8861232,13.9054704,Mo-Fr 07:00-19:00; Sa 07:00-13:00,,2026-09-04,OSM
1057080249,way,Sanolabor,healthcare,healthcare_care,45.9636685,14.6383481,,,2026-09-04,OSM
1057158017,way,"Repro-Pharm, dejavnost Holdingov, d.o.o.",healthcare,healthcare_care,46.0969183,14.6756885,,,2026-09-04,OSM
1076494938,way,Goriška Lekarna,healthcare,healthcare_care,46.0803421,13.6354672,,,2026-09-04,OSM
1095392667,way,Lekarna Vir,healthcare,healthcare_care,46.1477826,14.6069705,,,2026-09-04,OSM
1124479318,way,Javni zavod mestne lekarne,healthcare,healthcare_care,46.1396206,14.5930896,,,2026-09-04,OSM
1231165367,way,Lekarna Majšperk,healthcare,healthcare_care,46.3393624,15.7361395,,,2026-09-04,OSM
1245515572,way,Lekarna Podgrad,healthcare,healthcare_care,45.5204764,14.1466452,,,2026-09-04,OSM
1301123880,way,Lekarna Supernova,healthcare,healthcare_care,46.0218288,14.536819,Mo-Fr 09:00-20:00; Sa 08:00-20:00,,2026-09-04,OSM
1347531526,way,Lekarna Breg,healthcare,healthcare_care,46.4165254,15.8646617,,,2026-09-04,OSM
1351221336,way,Lekarna Špringer,healthcare,healthcare_care,46.6729976,15.9931161,,,2026-09-04,OSM
1356042140,way,Lekarna Komenda,healthcare,healthcare_care,46.2048779,14.53647,"Mo 13:00-19:00; Tu-Fr 09:00-13:00,16:00-19:00; Sa 08:00-12:00",,2026-09-04,OSM
1433736533,way,Lekarna Straža,healthcare,healthcare_care,45.782166,15.0706709,,,2026-09-04,OSM
1503414133,way,Lekarna Aleja,healthcare,healthcare_care,46.0782157,14.4842001,"Mo-Fr 08:00-20:00; Sa 09:00-20:00; Su,PH off",2023-07-05,2026-09-04,OSM
1526404490,way,Lekarna,healthcare,healthcare_care,46.5540942,15.651858,Mo-Fr 09:00-20:00; Sa 08:00-13:00; Su off,,2026-09-04,OSM
1530732156,way,Lekarna Maribor,healthcare,healthcare_care,46.522641,15.6526382,,,2026-09-04,OSM
1540201527,way,LEK d.d.,healthcare,healthcare_care,46.5472324,16.4499853,,,2026-09-04,OSM
1543043312,way,Lekarna - Farmacia,healthcare,healthcare_care,45.5289357,13.5685326,Mo-Fr 07:30-20:00; Sa 07:30-13:00; Su off,2026-07-22,2026-09-04,OSM
1550337515,way,Kraške lekarne Ilirska Bistrica,healthcare,healthcare_care,45.5685103,14.2429297,,,2026-09-04,OSM
